Workbook

Sheet Installation Completion
A2: Solar PV Commissioning Report & Procedure
B4: SITE DETAILS
B5: Site Name
B6: Size
B7: Location
B8: Inspector
B9: Installer
B10: Date | D10: 0
B12: PRODUCT DETAILS
B13: Inverters | G13: Qty:
B14: Modules | G14: Qty:
B15: Monitoring
B16: MCCB & Relay
B17: Gen Integration
A47: Checklist of Components Installed
B49: Instructions:
B50: Do not fill in the grey areas as they are not applicable
B51: The first section of the report is a visual inspection of items already completed
B52: The second part requires measements with the necessary measurement tools
B53: Where there are special conditions or items to note please complete the notes area per section
B55: Please select Yes or No for the following: | F55: Yes/No | N55: Yes
B56: You have received the correct module and string layout | N56: No
B57: You have received the correct SLD
B58: Junction Boxes
B59: Trenching
B60: Walkways & Catladders
B61: DC Units
B62: Sensors/weather station
B63: Generator Integration
B64: Inverter Overhang and/or Enclosure
A68: Visual Installation Inspection Report
B71: TO BE DONE BEFORE COMMISSIONING TESTS
B73: ROOF | G73: Inspection 1 Accept / Reject | H73: Inspection 2 Accept / Reject
B74: 1 | C74: Has the entry roof report been completed and submitted
B75: 2 | C75: Is the current roof in good condition
B76: 3 | C76: Were there existing leaks prior to installation
B77: 4 | C77: For sheet metals with roof penetrations: Has all holes been sealed
B78: 5 | C78: High traffic areas: Has there been any damage due to foot traffic
B79: 6 | C79: High traffic areas: If yes above, has the damaged areas been fixed
B80: 7 | C80: Has the exit roof report been completed and submitted
B81: Notes:
B84: PV Sol Design | G84: Inspection 1 Accept / Reject | H84: Inspection 2 Accept / Reject
B85: 1 | C85: Has the modules been installed per the PV Sol design
B86: 2 | C86: If no, has Emergent been notified of the changes
B87: 3 | C87: Does the string layout follow the PV Sol design per the Project Description
B88: 4 | C88: Does the inverter numbering on the PV Sol design follow the inverter numbering onsite
B89: 5 | C89: Are there obstructions onsite that have not been accounted for in the design?
B90: 6 | C90: If yes, has Emergent been notified
B91: 7 | C91: For Solaredge: The layout has been loaded and strung per the as built
B92: 8 | C92: For Solaredge: The optimizers has been scanned into the correct layout
B93: 9 | C93: For Solaredge: Optimizer spot check has been done by Emergent
B94: Notes:
B97: EARTHING | G97: Inspection 1 Accept / Reject | H97: Inspection 2 Accept / Reject
B98: 1 | C98: Has each module been earthed to one another
B99: 2 | C99: Is there an earthing & bonding arrangement between the arrays
B100: 3 | C100: Has the cable trays been earthed
B101: 4 | C101: If there is a Earth busbar, are all connections secure
B102: 5 | C102: Has the earth cables been terminated with a lug
B103: 6 | C103: All earthing connections are sound and secure
B105: MOUNTING STRUCTURE | G105: Inspection 1 Accept / Reject | H105: Inspection 2 Accept / Reject
B106: 1 | C106: Are the module clamps in their clamping zones
B107: 2 | C107: Are any of the module clamps close to the end of their shortrails
B108: 3 | C108: All bolts have been torqued and checked
B109: 4 | C109: For sheet metals: Are any of the module clamps on the locking seams
B110: 5 | C110: For pitched structures: Has the frames been installed per the drawing, this includes spacing
B111: 6 | C111: Foundations have been installed correctly
B112: 7 | C112: Has the structure been grounded
B113: 8 | C113: Has all unused drilled holes been sealed with an Ejot Screw and silicon
B114: 9 | C114: If penetrating the roof, holes have been waterproofed
B115: 10 | C115: No damage to the roof during installation process
B116: Notes:
B119: PV MODULES | G119: Inspection 1 Accept / Reject | H119: Inspection 2 Accept / Reject
B120: 1 | C120: Modules are aligned in line with one another
B121: 2 | C121: Corner of modules are not lifting away from sub-structure
B122: 3 | C122: All modules are in sound and good working condition (no black spots, no deformed/broken cells or frames, etc.
B123: 4 | C123: Inter-module connectors are properly crimped & securely connected
B124: 5 | C124: Module clamps are placed within the guideline as set out by supplier
B125: 6 | C125: PV modules are connected with correct polarity
B126: 7 | C126: No cables are covering the modules
B127: 8 | C127: Maintenance strips are adequate for cleaning
B128: Notes:
B131: MC4 Connections | G131: Inspection 1 Accept / Reject | H131: Inspection 2 Accept / Reject
B132: 1 | C132: All MC4's have been crimped and tightened with correct tool
B133: 2 | C133: All MC4's between modules/optimizers have been connected properly
B134: 3 | C134: Exposed MC4's are covered in adequate trunking
B135: 4 | C135: No MC4's are lying on the roof
B136: 5 | C136: All correct connectors have been plugged into one another e.g. MC4 with MC4
B138: DC CABLES & TRUNKING | G138: Inspection 1 Accept / Reject | H138: Inspection 2 Accept / Reject
B139: 1 | C139: All cable entries are weather proof and sealed properly
B140: 2 | C140: Are the cable tray lids secured with long lasting measures
B141: 3 | C141: Have the string labels been installed on the roof PV
B142: 4 | C142: All labelling is rated to last in outdoor conditions
B143: 5 | C143: All cables have been connected per the string layout
B144: 6 | C144: All cables are selected for current carrying capacity and voltage drop as per approved design
B145: 7 | C145: Cables are neatly attached to sub-structure/modules
B146: 8 | C146: Conductors routed are in safe zone or protected against mechanical damage
B147: 9 | C147: All signage's are appropriate and relevant
B148: 10 | C148: Trunking is in appropriate position and enclosed/sealed properly. (Check along roof-in building-inverters-main DB)
B149: 11 | C149: In the event of MC4 connections/extenders, have these been indicated on the trunking and to Emergent Energy
B150: 12 | C150: Has the cable tray joins and cuts been cold galvanised or protected from environment in some manner
...

Sheet Installation Test Report
A2: Testing Installation Inspection Report
A5: ATTACH SLD AND STRING LAYOUT
B6: 1 page per inverter
A7: INVERTER _______________ SERIAL NUMBER _________________
A9: Test point | C9: All new cables
A10: Reason for test | C10: Testing is performed on to confirm correct voltages, amps and no earth leakage
C11: Use appropriate tools to measure and record (eg. Seaward, Sonel PV tester)
A12: Instructions | C12: - When testing DC off, test with DC switch disconnected
C13: - When testing + to Earth and - to earth, DC must be off
C14: - For SolarEdge no need to test voltage for DC on. Confirm DC voltage from the screen/app. When testing the DC ensure that the fuses are open
C15: - For Huawei confirm DC on voltage with Sun2000 App
C16: - For others confirm with what is available
C17: - Test continuity if there are fuses
C18: - To test insulation resistance, the system must be off and disconnected from the inverter and you need a Seward or Megohmmeter. Set meter to 1000V. SURGE PROTECTION MUST BE DISCONNECTED & fuses open
A19: Reject if: | C19: - Voltage readings do not line up with the string layout
C20: - SE: High voltage between strings when system is offline i.e. anything greater than 20V
C21: - Insulation resistance is greater than 0.2 ohms
A22: Earthing | C22: Circle the method of earthing here:
C23: Earthing results can be completed in the table below or in the earthing tests section
C24: Per String | D24: Per Inverter | E24: Per Arrray | F24: Per Roof
A26: MPPT/ String | B26: Module count | C26: DC Voc (+-) | D26: + to Earth (>1M.ohm) | E26: - to Earth (>1M.ohm) | F26: Module temperature | G26: String Isc (Ampere) | H26: Irradiation (W/m2)
A27: 1 String 1
A28: 1 String 2
A29: 2 String 1
A30: 2 String 2
A31: 3 String 1
A32: 3 String 2
A33: 4 String 1
A34: 4 String 2
A35: 5 String 1
A36: 5 String 2
A37: 6 String 1
A38: 6 String 2
... A50: 12 String 2
A52: BATTERY | C52: Fuse amps | D52: DC Off V (+-) | E52: DC On V (+-) | F52: + to Earth (>1m.ohm) | G52: - to Earth (>1m.ohm) | H52: Earth Result
A53: 1
A54: 2
A55: 3
A56: 4
B58: Earthing Tests: Area ______
B59: Bonding Continuity Tests for: Less than 0.2ohm | D59: Mounting Structure
D60: Modules
D61: Trunking
B62: Comments: | D62: If failed or any comments:
B63: Continuity Tests for: Less than 0.2ohm | D63: Each earth cable from PV system
B65: Earthing Tests: Area ______
B66: Bonding Continuity Tests for: Less than 0.2ohm | D66: Mounting Structure
D67: Modules
D68: Trunking
B69: Comments: | D69: If failed or any comments:
B70: Continuity Tests for: Less than 0.2ohm | D70: Each earth cable from PV system
B72: Earthing Tests: Area ______
B73: Bonding Continuity Tests for: Less than 0.2ohm | D73: Mounting Structure
D74: Modules
D75: Trunking
B76: Comments: | D76: If failed or any comments:
B77: Continuity Tests for: Less than 0.2ohm | D77: Each earth cable from PV system
B79: Earthing Tests: Area ______
B80: Bonding Continuity Tests for: Less than 0.2ohm | D80: Mounting Structure
D81: Modules
D82: Trunking
B83: Comments: | D83: If failed or any comments:
B84: Continuity Tests for: Less than 0.2ohm | D84: Each earth cable from PV system
B86: AC TESTS - To comply with SANS 10142-1
B88: Test point | D88: Test at the inverter
B89: Reason for test | D89: Testing is performed on to confirm correct voltages, amps and no earth leakage
D90: Use appropriate tools to measure and record
B91: Instructions | D91: - Switch off PV system
D92: - Breaker must be on for testing
D93: - Closely monitor readings throughout the duration of each test, abnormal fluctuations may indicate damaged insulation
D94: - Disconnect from surge protection for insulation resistance test
B95: Reject if: | D95: - Voltage readings do not line up with the grid standard
B97: Inverter Breakers & Inverter Voltages | H97: @ Inverter
B98: L1 to N
B99: L2 to N
B100: L3 to N
B101: L1 to L2
B102: L1 to L3
B103: L2 to L3
B104: N to Gnd (Less than 2V)
B106: CONTINUITY
B107: Continuity of bonding
B108: Resistance of earth continuity conductor
B111: Solar Main Breaker | H111: Main Breaker
B112: L1 to N
B113: L2 to N
B114: L3 to N
B115: L1 to L2
B116: L1 to L3
B117: L2 to L3
B118: N to Gnd (Less than 2V)
B120: Client Main Breaker | H120: Main Breaker
B121: L1 to N
B122: L2 to N
B123: L3 to N
B124: L1 to L2
B125: L1 to L3
B126: L2 to L3
B127: N to Gnd (Less than 2V)
B129: Relay | G129: Details
...

Sheet Battery Commissioning
B1: Tel: | C1: +27 21 828 4202 +27 11 028 8060
B2: E-mail: | C2: info@emergy.co.za
B3: Physical: | C3: 19 Queenspark Avenue, Salt River, Cape Town
C4: 89 Bute Lane, Sandton, Johannesburg
B5: Postal: | C5: PO Box 23877, Claremont 7735
B7: Battery Commisioning Certificate
A10: Project: | C10: ='Installation Completion'!D5 -> 0 | G10: Commissioning Date: | H10: ='Installation Completion'!D10 -> 0
A11: Date: | G11: Handover Date:
B13: Battery Details
B14: Battery 1 | G14: Battery 2
B15: Battery Brand | G15: Battery Brand
B16: Battery Type | G16: Battery Type
B17: Battery Rating | G17: Battery Rating
B18: Battery CB/Fuse rating | G18: Battery CB/Fuse rating
B20: Battery 3 | G20: Battery 4
B21: Battery Brand | G21: Battery Brand
B22: Battery Type | G22: Battery Type
B23: Battery Rating | G23: Battery Rating
B24: Battery CB/Fuse rating | G24: Battery CB/Fuse rating
B26: Battery 5 | G26: Battery 6
B27: Battery Brand | G27: Battery Brand
... B30: Battery CB/Fuse rating | G30: Battery CB/Fuse rating
B32: Battery - Voltage Checks
B33: Test Results | D33: BMS functional (Y/N) | E33: Vdc above fuse | F33: Vdc below fuse | G33: Vdc on DC box/inverter | H33: DC + to earth | I33: DC - to earth | J33: Earth bonding ≤0.2 ohm
B34: Battery 1
B35: Battery 2
B36: Battery 3
B37: Battery 4
B38: Battery 5
B39: Battery 6
B42: Battery Commissioning
B43: Commissioning Type | D43: Firmware updated (Y/N) | E43: Breaker functional (Y/N) | F43: BMS communi-cating (Y/N) | G43: Battery profile/protocol correct (Y/N) | H43: Inverter reading BMS (Y/N) | I43: Battery charge setting (A) | J43: Battery discharge setting (A)
B44: Battery 1
B45: Battery 2
B46: Battery 3
B47: Battery 4
B48: Battery 5
B49: Battery 6
B51: Notes:

Sheet Meter Commisioning Certificate
B1: Tel: | C1: +27 21 828 4202 +27 11 028 8060
B2: E-mail: | C2: info@emergy.co.za
B3: Physical: | C3: 19 Queenspark Avenue, Salt River, Cape Town
C4: 89 Bute Lane, Sandton, Johannesburg
B5: Postal: | C5: PO Box 23877, Claremont 7735
B7: Meter Commisioning Certificate
A10: Project: | C10: ='Installation Completion'!D5 -> 0 | G10: Commissioning Date: | H10: ='Installation Completion'!D10 -> 0
A11: Date: | G11: Handover Date: | H11: #VALUE!
B13: Meter Details
B14: Meter Brand
B15: Meter Type
D17: Production | E17: Consumption | F17: Export/Import
B18: Metered data
B20: Voltage Checks
B21: Test Results | D21: V1 - V2 | E21: V2 - V3 | F21: V3 - V1 | G21: V1 - N | H21: V2 - N | I21: V3 - N | J21: N - PE
B22: At Meter Breaker
B23: On the Meter
B25: Current Transformer Checks
B26: CT Brand
B27: CT Size
B28: CT Direction
B29: CT location
B31: Connection Type and testing
B32: Connection Type | D32: Ethernet | E32: Router | F32: GSM Modem
B33: Select Applicable:
B34: Data Plan
B35: Tested
B37: Notes:

Sheet Fault Notification Form
B1: Tel: | C1: +27 21 828 4202 +27 11 028 8060
B2: E-mail: | C2: info@emergy.co.za
B3: Physical: | C3: 19 Queenspark Avenue, Salt River, Cape Town
C4: 89 Bute Lane, Sandton, Johannesburg
B5: Postal: | C5: PO Box 23877, Claremont 7735
B7: Fault Notification Form
B10: Project: | C10: ='Installation Completion'!D5 -> 0 | H10: Notified By:
B11: Handover Date: | C11: ='Installation Completion'!D10 -> 0 | H11: Date Notified:
B13: CLIENT
B14: Please explain the fault? | M14: Client to xplain the issue as found
B19: What is your proposed resolution method? | M19: What the client wants
B25: EMERGENT ENERGY
B26: Investigation | M26: Response from EE
D32: Yes No | E32: Justification
B33: Fault Classification installation/component | M33: Refer to the contract definition, any open items, consequential damages from client, lack of maintenance etc etc
B37: Fault Resolution | M37: What is proposed / agree interanlly to rectify
B42: EMERGENT ENERGY | D42: Yes No | E42: Action | I42: Date Closed
B43: Fault Rectified
D46: Client Acceptance :
D47: Project Manager :
E48: Name | F48: Signature | H48: Date

Sheet O&M Handover
A2: Solar PV Handover to O&M Checklist
B4: SITE DETAILS
B5: Site Name | D5: ='Installation Completion'!D5 -> 0
B6: Size | D6: ='Installation Completion'!D6 -> 0
B7: Location | D7: ='Installation Completion'!D7 -> 0
B8: Inspector | D8: ='Installation Completion'!D8 -> 0
B9: Installer | D9: ='Installation Completion'!D9 -> 0
B10: Date | D10: ='Installation Completion'!D10 -> 0
B12: PRODUCT DETAILS
B13: Inverters | D13: ='Installation Completion'!D13 -> 0
B14: Modules | D14: ='Installation Completion'!D14 -> 0
B15: Monitoring | D15: ='Installation Completion'!D15 -> 0
A47: Projects to Matriarch Questionnaire
B50: Documentation | G50: Yes / No
B51: 1 | C51: Documents saved per the Documents Requirements sheet?
B52: 2 | C52: Final Yield confirmation from design engineer or business developer
B53: 3 | C53: Roof type _______________________
B54: =B53+1 -> 4 | C54: SolarEdge: Site mapper completed, loaded and correct?
B55: =B54+1 -> 5 | C55: Is there gen integration? If yes, who installed it?
B56: =B55+1 -> 6 | C56: Gen details provided? Which gen integration device was used _________________
B57: =B56+1 -> 7 | C57: Is there any other generator installed onsite?
B58: =B57+1 -> 8 | C58: Does export limitation need to be activated?
B59: =B58+1 -> 9 | C59: Is the clients phases balanced?
B60: =B59+1 -> 10 | C60: Purchase Contract Type: Out right purchase LTO Roof Rental
B61: =B60+1 -> 11 | C61: Maintenance Contract Type: Monitoring O&M PG
B62: =B61+1 -> 12 | C62: Are there any other monitoring platform details? Save in Document Requirements sheet
B63: =B62+1 -> 13 | C63: Internet provider? __________________
B64: =B63+1 -> 14 | C64: Has physical shutdown of the system been done in order to test the generator integration
B65: =B64+1 -> 15 | C65: Has a grid isolation test on the clients solar breaker been conducted? "Loadshedding"
... B68: =B67+1 -> 18 | C68: Are there major shading obstructions?
B69: Notes:
B72: Onsite Contact/Access Details | G72: Yes / No
B73: 1 | C73: Who installed the PV system? ______________________________ Provide contact details below.
B74: =B73+1 -> 2 | C74: Owner name, contact number and contact email: ________________________________________________ Portfolio Client?_______________________
B75: =B74+1 -> 3 | C75: Maintenance contact name, contact number and contact email:
B76: =B75+1 -> 4 | C76: Is there security control when accessing the site? Provide access details below Yes No
B77: =B76+1 -> 5 | C77: Detail H&S requirements. I.e. Do we need to submit a H&S file, wear harness, etc.?
B78: =B77+1 -> 6 | C78: List inverter access details. I.e. Padlock key to be collected at security, ladder, location, etc.
B79: =B78+1 -> 7 | C79: List combiner box access details. I.e. Padlock key to be collected at security, ladder, location, etc.
B80: =B79+1 -> 8 | C80: List roof access details. I.e. Padlock key to be collected at security, ladder, etc.
B81: =B80+1 -> 9 | C81: Is the clients Main DB and our Solar DB in separate locations? Provide location details
B82: =B81+1 -> 10 | C82: Additional site or client points to be raised:
B83: Notes:
C86: Project Manager: | E86: Sign: | F86: Date:
C87: Asset Manager: | E87: Sign: | F87: Date:

Sheet Document Requirements
A1: Phase | B1: Document | C1: Responsible | D1: Location
A2: Pre-Construction | B2: Final Costing Sheet | C2: Sales | D2: D:\Dropbox (Emergent Energy)\Emergent Energy Team Folder\01 - Clients\01 - active projects (1)\PROJECT_NAME\PM\0. Planning\Final Costing and CP
B3: Signed Cost Proposal | C3: Sales | D3: D:\Dropbox (Emergent Energy)\Emergent Energy Team Folder\01 - Clients\01 - active projects (1)\PROJECT_NAME\PM\0. Planning\Final Design Details
B4: Signed O&M Contract | C4: Sales | D4: D:\Dropbox (Emergent Energy)\Emergent Energy Team Folder\01 - Clients\01 - active projects (1)\PROJECT_NAME\PM\1. Contractual and Admin
B5: Consumption Details/Considerations | C5: Sales/Designer | D5: To be discussed with Sales/Designer
B6: Final PV Sol Design | C6: Designer/PM | D6: D:\Dropbox (Emergent Energy)\Emergent Energy Team Folder\01 - Clients\01 - active projects (1)\PROJECT_NAME\PM\0. Planning\Final Design Details
B7: CSV File from PV Sol | C7: Designer/PM | D7: D:\Dropbox (Emergent Energy)\Emergent Energy Team Folder\01 - Clients\01 - active projects (1)\PROJECT_NAME\PM\0. Planning\Final Design Details
B8: Structural Engineers Report | C8: Projects Team | D8: D:\Dropbox (Emergent Energy)\Emergent Energy Team Folder\01 - Clients\01 - active projects (1)\PROJECT_NAME\PM\4. Commissioning\Commissioning Report\Appendices
B9: Single Line Diagram | C9: Designer/PM | D9: D:\Dropbox (Emergent Energy)\Emergent Energy Team Folder\01 - Clients\01 - active projects (1)\PROJECT_NAME\PM\3. Construction\Drawings\Electrical
B10: If applicable: Spares List | C10: Sales | D10: D:\Dropbox (Emergent Energy)\Emergent Energy Team Folder\01 - Clients\01 - active projects (1)\PROJECT_NAME\PM\4. Commissioning\Commissioning Report\Appendices
B11: Entry Roof Report | C11: Projects Team | D11: D:\Dropbox (Emergent Energy)\Emergent Energy Team Folder\01 - Clients\01 - active projects (1)\PROJECT_NAME\PM\4. Commissioning\Commissioning Report\Appendices
B12: SSEG Documentation Installation Approval | C12: Designer | D12: D:\Dropbox (Emergent Energy)\Emergent Energy Team Folder\01 - Clients\01 - active projects (1)\PROJECT_NAME\PM\4. Commissioning\SSEG
A13: Post Construction | B13: Red Team Inspection Forms | C13: Red Team | D13: D:\Dropbox (Emergent Energy)\Emergent Energy Team Folder\01 - Clients\01 - active projects (1)\PROJECT_NAME\PM\5. Quality Control
B14: Inverter Seward Test Results/Commissioning Forms | C14: PM | D14: D:\Dropbox (Emergent Energy)\Emergent Energy Team Folder\01 - Clients\01 - active projects (1)\PROJECT_NAME\PM\4. Commissioning\Commissioning Forms
B15: Continuity Tests | C15: PM | D15: D:\Dropbox (Emergent Energy)\Emergent Energy Team Folder\01 - Clients\01 - active projects (1)\PROJECT_NAME\PM\4. Commissioning\Commissioning Forms
B16: AC Tests | C16: PM | D16: D:\Dropbox (Emergent Energy)\Emergent Energy Team Folder\01 - Clients\01 - active projects (1)\PROJECT_NAME\PM\4. Commissioning\Commissioning Forms
B17: Meter Commissioning | C17: PM | D17: D:\Dropbox (Emergent Energy)\Emergent Energy Team Folder\01 - Clients\01 - active projects (1)\PROJECT_NAME\PM\4. Commissioning\Commissioning Forms
B18: Site Layout Drawing | C18: PM | D18: D:\Dropbox (Emergent Energy)\Emergent Energy Team Folder\01 - Clients\01 - active projects (1)\PROJECT_NAME\PM\4. Commissioning\Commissioning Report\Appendices
B19: Communication SLD - with IP's | C19: Designer/PM | D19: D:\Dropbox (Emergent Energy)\Emergent Energy Team Folder\01 - Clients\01 - active projects (1)\PROJECT_NAME\PM\3. Construction\Drawings
B20: Commissioning Report | C20: PM | D20: D:\Dropbox (Emergent Energy)\Emergent Energy Team Folder\01 - Clients\01 - active projects (1)\PROJECT_NAME\PM\4. Commissioning\Commissioning Report
B21: PR Eng Signoff | C21: Projects Team | D21: D:\Dropbox (Emergent Energy)\Emergent Energy Team Folder\01 - Clients\01 - active projects (1)\PROJECT_NAME\PM\4. Commissioning\SSEG
B22: COC | C22: Projects Team | D22: D:\Dropbox (Emergent Energy)\Emergent Energy Team Folder\01 - Clients\01 - active projects (1)\PROJECT_NAME\PM\4. Commissioning\Commissioning Report\Appendices
B23: Product Datasheets | C23: PM | D23: D:\Dropbox (Emergent Energy)\Emergent Energy Team Folder\01 - Clients\01 - active projects (1)\PROJECT_NAME\PM\4. Commissioning\Commissioning Report\Appendices
B24: Product Warranty Documentation | C24: PM | D24: D:\Dropbox (Emergent Energy)\Emergent Energy Team Folder\01 - Clients\01 - active projects (1)\PROJECT_NAME\PM\4. Commissioning\Commissioning Report\Appendices
B25: Installer Defects Form | C25: Projects Team | D25: D:\Dropbox (Emergent Energy)\Emergent Energy Team Folder\01 - Clients\01 - active projects (1)\PROJECT_NAME\PM\4. Commissioning\Commissioning Report\Appendices
... B27: SSEG Documentation Commissioning Approval | C27: Designer | D27: D:\Dropbox (Emergent Energy)\Emergent Energy Team Folder\01 - Clients\01 - active projects (1)\PROJECT_NAME\PM\4. Commissioning\SSEG
B28: Exit Roof Report | D28: D:\Dropbox (Emergent Energy)\Emergent Energy Team Folder\01 - Clients\01 - active projects (1)\PROJECT_NAME\PM\4. Commissioning\Commissioning Report\Appendices
B29: Photos: | C29: PM | D29: D:\Dropbox (Emergent Energy)\Emergent Energy Team Folder\01 - Clients\01 - active projects (1)\PROJECT_NAME\PM\3. Construction\Photographs
B30: - Inverter Inputs
B31: - Inverter Room
B32: - PV Module Installation
B33: - AC DB: with connections
B34: - Comms DB
B35: - Client Solar Breaker
B36: - Relays: Both
B37: - Client DB Room
B38: - Earthing

Sheet End of Defects
B1: Tel: | C1: +27 21 828 4202 +27 11 028 8060
B2: E-mail: | C2: info@emergy.co.za
B3: Physical: | C3: 19 Queenspark Avenue, Salt River, Cape Town
C4: 89 Bute Lane, Sandton, Johannesburg
B5: Postal: | C5: PO Box 23877, Claremont 7735
B7: End of Defects
L8: These Guidelines and Instructions can be include in the RFQ data pack template to be sent to the installer for quoting. The project specification should be expanded to include all of this information as a single source of info for the installer. Also, ICS is to form the basis of the new Installer Completion Certificate and Pre-commission tests
B10: Project: | C10: #VALUE! | G10: Installer: | H10: #VALUE!
B11: Date: | G11: For Installer:
G12: For Emergent Energy:
B14: VOLTAGES TO BE COMPARED WITH COMMISSIONING REPORT RESULTS
B16: MOUNTING STRUCTURE | H16: Pass | I16: Fail
B17: 1 | C17: Rust on bolts
B18: =B17+1 -> 2 | C18: Rust on mounting structure
B19: =B18+1 -> 3 | C19: Damaged mounting structure
B20: =B19+1 -> 4 | C20: Module clamps in correct position
B21: Notes:
B24: PV MODULES | H24: Pass | I24: Fail
B25: 1 | C25: PV modules secure in place
B26: =B25+1 -> 2 | C26: No damaged modules
B27: =B26+1 -> 3 | C27: No damaged cells
B28: Notes:
B31: TRUNKING, CABLE ROUTE & COMBINER BOXES | H31: Pass | I31: Fail
B32: 1 | C32: All trunking still in place i.e. in place securely
B33: =B32+1 -> 2 | C33: No cables are exposed in trunking | M33: OK□ No OK□
B34: =B33+1 -> 3 | C34: All glands still in place | M34: □ □
B35: =B34+1 -> 4 | C35: Cables are neatly attached to sub-structure
B36: =B35+1 -> 5 | C36: All tagging is still in place | M36: Emergent Accept / Reject
B37: =B36+1 -> 6 | C37: All tagging is still visible | M37: Emergent
B38: =B37+1 -> 7 | C38: Combiner boxes securely mounted
B39: =B38+1 -> 8 | C39: Tagging still visible on combiner boxes
B40: =B39+1 -> 9 | C40: Fuses functioning properly
B41: Notes:
B44: CHECKLIST FOR INVERTER | H44: Pass | I44: Fail
B45: 1 | C45: Confirm DC voltage of each MPPT
B46: =B45+1 -> 2 | C46: Confirm DC amps for each MPPT
B47: =B46+1 -> 3 | C47: Confirm AC voltage and amps
B48: =B47+1 -> 4 | C48: Inverter fan replacement warning light not on
B49: =B48+1 -> 5 | C49: All ducting and glands are in place and secure
B50: =B49+1 -> 6 | C50: Inverter labelled
B51: =B50+1 -> 7 | C51: Inverter incoming/outgoing cables are properly connected
B52: =B51+1 -> 8 | C52: All cables are securely in place
B53: =B52+1 -> 9 | C53: All fuses functioning properly
B54: Notes:
B61: CHECKLIST FOR WEATHER STATION & MONITORING SYSTEM | H61: Pass | I61: Fail
B62: 1 | C62: Local & remote communication & data logging system is running
B63: 2 | C63: Janitza reading consumption correctly
B64: 3 | C64: Solar-log performance is as per the target
B65: 4 | C65: Solar-log display in proper working condition
B66: 5 | C66: Internet connection is in proper working condition
B67: Notes:
C73: For Installer
C74: For Emergent Energy
D75: Name | F75: Signature | H75: Inspection Date
B78: VOLTAGE CAPTURE
C80: INVERTER | D80: MPPT | E80: STRING | F80: # PANELS
C81: 1 | D81: 1 | E81: 1 | F81: 20
E82: 2 | F82: 20
D83: 2 | E83: 1 | F83: 20
E84: 2 | F84: 20
C86: 2 | D86: 1 | E86: 1 | F86: 17
E87: 2 | F87: 17
E88: 3 | F88: 17
D89: 2 | E89: 1 | F89: 18
E90: 2 | F90: 18
