Workbook

Sheet Voc & Isc Test Result
A2: A1 Commissioning - IV Curve Testing | L2: Atterbury Boulevard
L4: Tested By: | M4: Date:
A5: I - V CURVE IN STRINGS | H5: Inspection 1 Accept / Reject | I5: Inspection 2 Accept / Reject | L5: Cornelius Rheeders, Jaco Snyman | M5: 44336
A6: 1 | B6: Test carried out during a cloudless interval with irradiance above 600W/m2
A7: =A6+1 -> 2 | B7: Test carried out before connecting the inverters to the loads
A8: =A7+1 -> 3 | B8: Fuses removed prior to connection of the I-V tracer in the case that the PV Facility is connected to the electrical network
A9: =A8+1 -> 4 | B9: Polarity of the strings measured and checked
A10: =A9+1 -> 5 | B10: Measure and record the temperature measured on the backsheet of the PV module (Tm ) for thermographic camera or through the average of the temperature cell sensors
A11: =A10+1 -> 6 | B11: Measure and record the Irradiance on the plane of the PV modules when performing the I-V curve
A12: =A11+1 -> 7 | B12: Measure and record the open circuit voltage Voc across each string through the I-V tracer
A13: =A12+1 -> 8 | B13: Measure and record the short circuit current (Isc ) of the string through the I-V tracer
A14: Notes:
A15: Only String 1 - 6 was tested by Cornelius and Jaco Snyman, the rest of the strings will be tested by Jaco and his team.
A17: CALCULATIONS
A19: Tc: temperature of the cell of the PV module will be calculated theoretically using the formula:
A21: Tc | B21: Temperature of the cell of the PV module (°C)
A22: Tm | B22: Temperature measured on the backsheet of the PV module (°C)
A23: G | B23: Irradiance on the plane of the PV modules (W/m2)
A24: Gstc | B24: Irradiance in STC (1000W/m2)
A25: ∆T | B25: Temperature differences between PV cell and the PV backsheet, considered as 3 °C (as per IEC 61724, table A-1)
A27: INVERTER 1 | D27: G | E27: Gstc | F27: Tm | H27: ∆T | I27: Tc
A28: MPPT 1 | B28: INPUT 1 | D28: ='Raw Data_Mod Tests'!E2 -> 900 | E28: 1000 | F28: ='Raw Data_Mod Tests'!F2 -> 45 | H28: 3 | I28: =F28+((D28/E28)*H28) -> 47.7
B29: INPUT 2 | D29: ='Raw Data_Mod Tests'!E3 -> 703 | E29: 1000 | F29: ='Raw Data_Mod Tests'!F3 -> 33 | H29: 3 | I29: =F29+((D29/E29)*H29) -> 35.109
A30: MPPT 2 | B30: INPUT 1 | D30: ='Raw Data_Mod Tests'!E4 -> 703 | E30: 1000 | F30: ='Raw Data_Mod Tests'!F4 -> 33 | H30: 3 | I30: =F30+((D30/E30)*H30) -> 35.109
B31: INPUT 2 | D31: ='Raw Data_Mod Tests'!E5 -> 0 | E31: 1000 | F31: ='Raw Data_Mod Tests'!F5 -> 0 | H31: 3 | I31: =F31+((D31/E31)*H31) -> 0
A32: MPPT 3 | B32: INPUT 1 | D32: ='Raw Data_Mod Tests'!E6 -> 692 | E32: 1000 | F32: ='Raw Data_Mod Tests'!F6 -> 36 | H32: 3 | I32: =F32+((D32/E32)*H32) -> 38.076
B33: INPUT 2 | D33: ='Raw Data_Mod Tests'!E7 -> 695 | E33: 1000 | F33: ='Raw Data_Mod Tests'!F7 -> 35 | H33: 3 | I33: =F33+((D33/E33)*H33) -> 37.085
A34: MPPT 4 | B34: INPUT 1 | D34: ='Raw Data_Mod Tests'!E8 -> 698 | E34: 1000 | F34: ='Raw Data_Mod Tests'!F8 -> 35 | H34: 3 | I34: =F34+((D34/E34)*H34) -> 37.094
B35: INPUT 2 | D35: ='Raw Data_Mod Tests'!E9 -> 0 | E35: 1000 | F35: ='Raw Data_Mod Tests'!F9 -> 0 | H35: 3 | I35: =F35+((D35/E35)*H35) -> 0
A36: MPPT 5 | B36: INPUT 1 | D36: ='Raw Data_Mod Tests'!E10 -> 550 | E36: 1000 | F36: ='Raw Data_Mod Tests'!F10 -> 34 | H36: 3 | I36: =F36+((D36/E36)*H36) -> 35.65
B37: INPUT 2 | D37: ='Raw Data_Mod Tests'!E11 -> 0 | E37: 1000 | F37: ='Raw Data_Mod Tests'!F11 -> 0 | H37: 3 | I37: =F37+((D37/E37)*H37) -> 0
A38: MPPT 6 | B38: INPUT 1 | D38: ='Raw Data_Mod Tests'!E12 -> 550 | E38: 1000 | F38: ='Raw Data_Mod Tests'!F12 -> 34 | H38: 3 | I38: =F38+((D38/E38)*H38) -> 35.65
B39: INPUT 2 | D39: ='Raw Data_Mod Tests'!E13 -> 0 | E39: 1000 | F39: ='Raw Data_Mod Tests'!F13 -> 0 | H39: 3 | I39: =F39+((D39/E39)*H39) -> 0
A40: MPPT 7 | B40: INPUT 1 | D40: ='Raw Data_Mod Tests'!E14 -> 550 | E40: 1000 | F40: ='Raw Data_Mod Tests'!F14 -> 34 | H40: 3 | I40: =F40+((D40/E40)*H40) -> 35.65
B41: INPUT 2 | D41: ='Raw Data_Mod Tests'!E15 -> 0 | E41: 1000 | F41: ='Raw Data_Mod Tests'!F15 -> 0 | H41: 3 | I41: =F41+((D41/E41)*H41) -> 0
A42: MPPT 8 | B42: INPUT 1 | D42: ='Raw Data_Mod Tests'!E16 -> 552 | E42: 1000 | F42: ='Raw Data_Mod Tests'!F16 -> 33 | H42: 3 | I42: =F42+((D42/E42)*H42) -> 34.656
B43: INPUT 2 | D43: ='Raw Data_Mod Tests'!E17 -> 0 | E43: 1000 | F43: ='Raw Data_Mod Tests'!F17 -> 0 | H43: 3 | I43: =F43+((D43/E43)*H43) -> 0
A44: MPPT 9 | B44: INPUT 1 | D44: ='Raw Data_Mod Tests'!E18 -> 552 | E44: 1000 | F44: ='Raw Data_Mod Tests'!F18 -> 36 | H44: 3 | I44: =F44+((D44/E44)*H44) -> 37.656
B45: INPUT 2 | D45: ='Raw Data_Mod Tests'!E19 -> 552 | E45: 1000 | F45: ='Raw Data_Mod Tests'!F19 -> 36 | H45: 3 | I45: =F45+((D45/E45)*H45) -> 37.656
A46: MPPT 10 | B46: INPUT 1 | D46: ='Raw Data_Mod Tests'!E20 -> 713 | E46: 1000 | F46: ='Raw Data_Mod Tests'!F20 -> 36 | H46: 3 | I46: =F46+((D46/E46)*H46) -> 38.139
B47: INPUT 2 | D47: ='Raw Data_Mod Tests'!E21 -> 0 | E47: 1000 | F47: ='Raw Data_Mod Tests'!F21 -> 0 | H47: 3 | I47: =F47+((D47/E47)*H47) -> 0
A50: INVERTER 2 | D50: G | E50: Gstc | F50: Tm | H50: ∆T | I50: Tc
A51: MPPT 1 | B51: INPUT 1 | D51: ='Raw Data_Mod Tests'!E22 -> 712 | E51: 1000 | F51: ='Raw Data_Mod Tests'!F22 -> 30 | H51: 3 | I51: =F51+((D51/E51)*H51) -> 32.136
B52: INPUT 2 | D52: ='Raw Data_Mod Tests'!E23 -> 712 | E52: 1000 | F52: ='Raw Data_Mod Tests'!F23 -> 30 | H52: 3 | I52: =F52+((D52/E52)*H52) -> 32.136
A53: MPPT 2 | B53: INPUT 1 | D53: ='Raw Data_Mod Tests'!E24 -> 712 | E53: 1000 | F53: ='Raw Data_Mod Tests'!F24 -> 30 | H53: 3 | I53: =F53+((D53/E53)*H53) -> 32.136
B54: INPUT 2 | D54: ='Raw Data_Mod Tests'!E25 -> 705 | E54: 1000 | F54: ='Raw Data_Mod Tests'!F25 -> 32 | H54: 3 | I54: =F54+((D54/E54)*H54) -> 34.115
A55: MPPT 3 | B55: INPUT 1 | D55: ='Raw Data_Mod Tests'!E26 -> 702 | E55: 1000 | F55: ='Raw Data_Mod Tests'!F26 -> 32 | H55: 3 | I55: =F55+((D55/E55)*H55) -> 34.106
B56: INPUT 2 | D56: ='Raw Data_Mod Tests'!E27 -> 702 | E56: 1000 | F56: ='Raw Data_Mod Tests'!F27 -> 32 | H56: 3 | I56: =F56+((D56/E56)*H56) -> 34.106
A57: MPPT 4 | B57: INPUT 1 | D57: ='Raw Data_Mod Tests'!E28 -> 702 | E57: 1000 | F57: ='Raw Data_Mod Tests'!F28 -> 32 | H57: 3 | I57: =F57+((D57/E57)*H57) -> 34.106
B58: INPUT 2 | D58: ='Raw Data_Mod Tests'!E29 -> 0 | E58: 1000 | F58: ='Raw Data_Mod Tests'!F29 -> 0 | H58: 3 | I58: =F58+((D58/E58)*H58) -> 0
A59: MPPT 5 | B59: INPUT 1 | D59: ='Raw Data_Mod Tests'!E30 -> 702 | E59: 1000 | F59: ='Raw Data_Mod Tests'!F30 -> 0 | H59: 3 | I59: =F59+((D59/E59)*H59) -> 2.106
B60: INPUT 2 | D60: ='Raw Data_Mod Tests'!E31 -> 702 | E60: 1000 | F60: ='Raw Data_Mod Tests'!F31 -> 0 | H60: 3 | I60: =F60+((D60/E60)*H60) -> 2.106
A61: MPPT 6 | B61: INPUT 1 | D61: ='Raw Data_Mod Tests'!E32 -> 702 | E61: 1000 | F61: ='Raw Data_Mod Tests'!F32 -> 0 | H61: 3 | I61: =F61+((D61/E61)*H61) -> 2.106
B62: INPUT 2 | D62: ='Raw Data_Mod Tests'!E33 -> 579 | E62: 1000 | F62: ='Raw Data_Mod Tests'!F33 -> 30 | H62: 3 | I62: =F62+((D62/E62)*H62) -> 31.737
A63: MPPT 7 | B63: INPUT 1 | D63: ='Raw Data_Mod Tests'!E34 -> 579 | E63: 1000 | F63: ='Raw Data_Mod Tests'!F34 -> 30 | H63: 3 | I63: =F63+((D63/E63)*H63) -> 31.737
B64: INPUT 2 | D64: ='Raw Data_Mod Tests'!E35 -> 0 | E64: 1000 | F64: ='Raw Data_Mod Tests'!F35 -> 0 | H64: 3 | I64: =F64+((D64/E64)*H64) -> 0
A65: MPPT 8 | B65: INPUT 1 | D65: ='Raw Data_Mod Tests'!E36 -> 579 | E65: 1000 | F65: ='Raw Data_Mod Tests'!F36 -> 30 | H65: 3 | I65: =F65+((D65/E65)*H65) -> 31.737
B66: INPUT 2 | D66: ='Raw Data_Mod Tests'!E37 -> 0 | E66: 1000 | F66: ='Raw Data_Mod Tests'!F37 -> 0 | H66: 3 | I66: =F66+((D66/E66)*H66) -> 0
A67: MPPT 9 | B67: INPUT 1 | D67: ='Raw Data_Mod Tests'!E38 -> 579 | E67: 1000 | F67: ='Raw Data_Mod Tests'!F38 -> 30 | H67: 3 | I67: =F67+((D67/E67)*H67) -> 31.737
B68: INPUT 2 | D68: ='Raw Data_Mod Tests'!E39 -> 0 | E68: 1000 | F68: ='Raw Data_Mod Tests'!F39 -> 0 | H68: 3 | I68: =F68+((D68/E68)*H68) -> 0
A69: MPPT 10 | B69: INPUT 1 | D69: ='Raw Data_Mod Tests'!E40 -> 579 | E69: 1000 | F69: ='Raw Data_Mod Tests'!F40 -> 30 | H69: 3 | I69: =F69+((D69/E69)*H69) -> 31.737
B70: INPUT 2 | D70: ='Raw Data_Mod Tests'!E41 -> 0 | E70: 1000 | F70: ='Raw Data_Mod Tests'!F41 -> 0 | H70: 3 | I70: =F70+((D70/E70)*H70) -> 0
A73: INVERTER 3 | D73: G | E73: Gstc | F73: Tm | H73: ∆T | I73: Tc
A74: MPPT 1 | B74: INPUT 1 | D74: ='Raw Data_Mod Tests'!E42 -> 690 | E74: 1000 | F74: ='Raw Data_Mod Tests'!F42 -> 30 | H74: 3 | I74: =F74+((D74/E74)*H74) -> 32.07
B75: INPUT 2 | D75: ='Raw Data_Mod Tests'!E43 -> 0 | E75: 1000 | F75: ='Raw Data_Mod Tests'!F43 -> 0 | H75: 3 | I75: =F75+((D75/E75)*H75) -> 0
A76: MPPT 2 | B76: INPUT 1 | D76: ='Raw Data_Mod Tests'!E44 -> 611 | E76: 1000 | F76: ='Raw Data_Mod Tests'!F44 -> 0 | H76: 3 | I76: =F76+((D76/E76)*H76) -> 1.833
B77: INPUT 2 | D77: ='Raw Data_Mod Tests'!E45 -> 0 | E77: 1000 | F77: ='Raw Data_Mod Tests'!F45 -> 0 | H77: 3 | I77: =F77+((D77/E77)*H77) -> 0
A78: MPPT 3 | B78: INPUT 1 | D78: ='Raw Data_Mod Tests'!E46 -> 611 | E78: 1000 | F78: ='Raw Data_Mod Tests'!F46 -> 0 | H78: 3 | I78: =F78+((D78/E78)*H78) -> 1.833
B79: INPUT 2 | D79: ='Raw Data_Mod Tests'!E47 -> 0 | E79: 1000 | F79: ='Raw Data_Mod Tests'!F47 -> 0 | H79: 3 | I79: =F79+((D79/E79)*H79) -> 0
A80: MPPT 4 | B80: INPUT 1 | D80: ='Raw Data_Mod Tests'!E48 -> 611 | E80: 1000 | F80: ='Raw Data_Mod Tests'!F48 -> 0 | H80: 3 | I80: =F80+((D80/E80)*H80) -> 1.833
B81: INPUT 2 | D81: ='Raw Data_Mod Tests'!E49 -> 0 | E81: 1000 | F81: ='Raw Data_Mod Tests'!F49 -> 0 | H81: 3 | I81: =F81+((D81/E81)*H81) -> 0
A82: MPPT 5 | B82: INPUT 1 | D82: ='Raw Data_Mod Tests'!E50 -> 605 | E82: 1000 | F82: ='Raw Data_Mod Tests'!F50 -> 33 | H82: 3 | I82: =F82+((D82/E82)*H82) -> 34.815
B83: INPUT 2 | D83: ='Raw Data_Mod Tests'!E51 -> 605 | E83: 1000 | F83: ='Raw Data_Mod Tests'!F51 -> 33 | H83: 3 | I83: =F83+((D83/E83)*H83) -> 34.815
A84: MPPT 6 | B84: INPUT 1 | D84: ='Raw Data_Mod Tests'!E52 -> 605 | E84: 1000 | F84: ='Raw Data_Mod Tests'!F52 -> 33 | H84: 3 | I84: =F84+((D84/E84)*H84) -> 34.815
B85: INPUT 2 | D85: ='Raw Data_Mod Tests'!E53 -> 576 | E85: 1000 | F85: ='Raw Data_Mod Tests'!F53 -> 29 | H85: 3 | I85: =F85+((D85/E85)*H85) -> 30.728
A86: MPPT 7 | B86: INPUT 1 | D86: ='Raw Data_Mod Tests'!E54 -> 576 | E86: 1000 | F86: ='Raw Data_Mod Tests'!F54 -> 29 | H86: 3 | I86: =F86+((D86/E86)*H86) -> 30.728
B87: INPUT 2 | D87: ='Raw Data_Mod Tests'!E55 -> 576 | E87: 1000 | F87: ='Raw Data_Mod Tests'!F55 -> 29 | H87: 3 | I87: =F87+((D87/E87)*H87) -> 30.728
A88: MPPT 8 | B88: INPUT 1 | D88: ='Raw Data_Mod Tests'!E56 -> 576 | E88: 1000 | F88: ='Raw Data_Mod Tests'!F56 -> 29 | H88: 3 | I88: =F88+((D88/E88)*H88) -> 30.728
B89: INPUT 2 | D89: ='Raw Data_Mod Tests'!E57 -> 0 | E89: 1000 | F89: ='Raw Data_Mod Tests'!F57 -> 0 | H89: 3 | I89: =F89+((D89/E89)*H89) -> 0
A90: MPPT 9 | B90: INPUT 1 | D90: ='Raw Data_Mod Tests'!E58 -> 647 | E90: 1000 | F90: ='Raw Data_Mod Tests'!F58 -> 35 | H90: 3 | I90: =F90+((D90/E90)*H90) -> 36.941
B91: INPUT 2 | D91: ='Raw Data_Mod Tests'!E59 -> 0 | E91: 1000 | F91: ='Raw Data_Mod Tests'!F59 -> 0 | H91: 3 | I91: =F91+((D91/E91)*H91) -> 0
A92: MPPT 10 | B92: INPUT 1 | D92: ='Raw Data_Mod Tests'!E60 -> 647 | E92: 1000 | F92: ='Raw Data_Mod Tests'!F60 -> 35 | H92: 3 | I92: =F92+((D92/E92)*H92) -> 36.941
B93: INPUT 2 | D93: ='Raw Data_Mod Tests'!E61 -> 0 | E93: 1000 | F93: ='Raw Data_Mod Tests'!F61 -> 0 | H93: 3 | I93: =F93+((D93/E93)*H93) -> 0
A96: INVERTER 4 | D96: G | E96: Gstc | F96: Tm | H96: ∆T | I96: Tc
A97: MPPT 1 | B97: INPUT 1 | D97: ='Raw Data_Mod Tests'!E62 -> 652 | E97: 1000 | F97: ='Raw Data_Mod Tests'!F62 -> 32 | H97: 3 | I97: =F97+((D97/E97)*H97) -> 33.956
B98: INPUT 2 | D98: ='Raw Data_Mod Tests'!E63 -> 0 | E98: 1000 | F98: ='Raw Data_Mod Tests'!F63 -> 0 | H98: 3 | I98: =F98+((D98/E98)*H98) -> 0
A99: MPPT 2 | B99: INPUT 1 | D99: ='Raw Data_Mod Tests'!E64 -> 652 | E99: 1000 | F99: ='Raw Data_Mod Tests'!F64 -> 32 | H99: 3 | I99: =F99+((D99/E99)*H99) -> 33.956
B100: INPUT 2 | D100: ='Raw Data_Mod Tests'!E65 -> 0 | E100: 1000 | F100: ='Raw Data_Mod Tests'!F65 -> 0 | H100: 3 | I100: =F100+((D100/E100)*H100) -> 0
A101: MPPT 3 | B101: INPUT 1 | D101: ='Raw Data_Mod Tests'!E66 -> 647 | E101: 1000 | F101: ='Raw Data_Mod Tests'!F66 -> 35 | H101: 3 | I101: =F101+((D101/E101)*H101) -> 36.941
B102: INPUT 2 | D102: ='Raw Data_Mod Tests'!E67 -> 0 | E102: 1000 | F102: ='Raw Data_Mod Tests'!F67 -> 0 | H102: 3 | I102: =F102+((D102/E102)*H102) -> 0
A103: MPPT 4 | B103: INPUT 1 | D103: ='Raw Data_Mod Tests'!E68 -> 647 | E103: 1000 | F103: ='Raw Data_Mod Tests'!F68 -> 35 | H103: 3 | I103: =F103+((D103/E103)*H103) -> 36.941
B104: INPUT 2 | D104: ='Raw Data_Mod Tests'!E69 -> 647 | E104: 1000 | F104: ='Raw Data_Mod Tests'!F69 -> 35 | H104: 3 | I104: =F104+((D104/E104)*H104) -> 36.941
A105: MPPT 5 | B105: INPUT 1 | D105: ='Raw Data_Mod Tests'!E70 -> 660 | E105: 1000 | F105: ='Raw Data_Mod Tests'!F70 -> 35 | H105: 3 | I105: =F105+((D105/E105)*H105) -> 36.98
B106: INPUT 2 | D106: ='Raw Data_Mod Tests'!E71 -> 660 | E106: 1000 | F106: ='Raw Data_Mod Tests'!F71 -> 35 | H106: 3 | I106: =F106+((D106/E106)*H106) -> 36.98
A107: MPPT 6 | B107: INPUT 1 | D107: ='Raw Data_Mod Tests'!E72 -> 662 | E107: 1000 | F107: ='Raw Data_Mod Tests'!F72 -> 32 | H107: 3 | I107: =F107+((D107/E107)*H107) -> 33.986
B108: INPUT 2 | D108: ='Raw Data_Mod Tests'!E73 -> 0 | E108: 1000 | F108: ='Raw Data_Mod Tests'!F73 -> 0 | H108: 3 | I108: =F108+((D108/E108)*H108) -> 0
A109: MPPT 7 | B109: INPUT 1 | D109: ='Raw Data_Mod Tests'!E74 -> 742 | E109: 1000 | F109: ='Raw Data_Mod Tests'!F74 -> 31 | H109: 3 | I109: =F109+((D109/E109)*H109) -> 33.226
B110: INPUT 2 | D110: ='Raw Data_Mod Tests'!E75 -> 0 | E110: 1000 | F110: ='Raw Data_Mod Tests'!F75 -> 0 | H110: 3 | I110: =F110+((D110/E110)*H110) -> 0
A111: MPPT 8 | B111: INPUT 1 | D111: ='Raw Data_Mod Tests'!E76 -> 688 | E111: 1000 | F111: ='Raw Data_Mod Tests'!F76 -> 32 | H111: 3 | I111: =F111+((D111/E111)*H111) -> 34.064
B112: INPUT 2 | D112: ='Raw Data_Mod Tests'!E77 -> 688 | E112: 1000 | F112: ='Raw Data_Mod Tests'!F77 -> 32 | H112: 3 | I112: =F112+((D112/E112)*H112) -> 34.064
...

Sheet Raw Data_Mod Tests
A1: Inverter | B1: MPPT | C1: String | D1: Tc | E1: G | F1: Tm | G1: Voc Measure | H1: Isc Measure | I1: Voc stc Check | J1: Column1 | K1: N | L1: Gstc | M1: ΔT | N1: Voc theo | O1: Nmod | P1: Voc stc | Q1: Ic | R1: δ Voc | S1: Tc | T1: Isc stc | U1: δIsc | V1: Isc theo | Z1: Tc | AA1: Temperature of the cell of the PV module (°C)
A2: 1 | B2: 1 | C2: 1 | D2: =Table3[[#This Row],[Tm]]+Table3[[#This Row],[ΔT]]*(Table3[[#This Row],[G]]/Table3[[#This Row],[Gstc]]) -> 47.7 | E2: 900 | F2: 45 | G2: 649 | H2: 5.45 | K2: 14 | L2: =IF(K2>0,1000,0) -> 1000 | M2: =IF(L2>0,3,0) -> 3 | O2: =K2 -> 14 | P2: ='Voc & Isc Test Result'!L174 -> 0.94222259 | Q2: ='Voc & Isc Test Result'!L321 -> 0.42555766 | R2: -0.0023 | T2: 14.07 | U2: 0.0005 | Z2: Tm | AA2: Temperature measured on the backsheet of the PV module (°C)
C3: 2 | D3: =Table3[[#This Row],[Tm]]+Table3[[#This Row],[ΔT]]*(Table3[[#This Row],[G]]/Table3[[#This Row],[Gstc]]) -> 35.109 | E3: 703 | F3: 33 | G3: 735 | H3: 5.94 | K3: 16 | L3: =IF(K3>0,1000,0) -> 1000 | M3: =IF(L3>0,3,0) -> 3 | O3: =K3 -> 16 | P3: ='Voc & Isc Test Result'!L175 -> 1.0179871 | Q3: ='Voc & Isc Test Result'!L322 -> 0.59751307 | Z3: G | AA3: Irradiance on the plane of the PV modules (W/m2)
B4: 2 | C4: 3 | D4: =Table3[[#This Row],[Tm]]+Table3[[#This Row],[ΔT]]*(Table3[[#This Row],[G]]/Table3[[#This Row],[Gstc]]) -> 35.109 | E4: 703 | F4: 33 | G4: 834 | H4: 6.48 | K4: 18 | L4: =IF(K4>0,1000,0) -> 1000 | M4: =IF(L4>0,3,0) -> 3 | O4: =K4 -> 18 | P4: ='Voc & Isc Test Result'!L176 -> 1.0267589 | Q4: ='Voc & Isc Test Result'!L323 -> 0.65183244 | Z4: Gstc | AA4: Irradiance in STC (1000W/m2)
D5: =Table3[[#This Row],[Tm]]+Table3[[#This Row],[ΔT]]*(Table3[[#This Row],[G]]/Table3[[#This Row],[Gstc]]) -> #DIV/0! | L5: =IF(K5>0,1000,0) -> 0 | M5: =IF(L5>0,3,0) -> 0 | O5: =K5 -> 0 | P5: ='Voc & Isc Test Result'!L177 | Q5: ='Voc & Isc Test Result'!L324 | Z5: ∆T | AA5: Temperature differences between PV cell and the PV backsheet, considered as 3 °C (as per IEC 61724, table A-1)
B6: 3 | C6: 4 | D6: =Table3[[#This Row],[Tm]]+Table3[[#This Row],[ΔT]]*(Table3[[#This Row],[G]]/Table3[[#This Row],[Gstc]]) -> 38.076 | E6: 692 | F6: 36 | G6: 776 | H6: 7.62 | K6: 17 | L6: =IF(K6>0,1000,0) -> 1000 | M6: =IF(L6>0,3,0) -> 3 | O6: =K6 -> 17 | P6: ='Voc & Isc Test Result'!L178 -> 1.0186678 | Q6: ='Voc & Isc Test Result'!L325 -> 0.77754334 | Z6: Voc theo | AA6: Theoratical open circuit voltage (V)
C7: 5 | D7: =Table3[[#This Row],[Tm]]+Table3[[#This Row],[ΔT]]*(Table3[[#This Row],[G]]/Table3[[#This Row],[Gstc]]) -> 37.085 | E7: 695 | F7: 35 | G7: 774 | H7: 7.68 | K7: 17 | L7: =IF(K7>0,1000,0) -> 1000 | M7: =IF(L7>0,3,0) -> 3 | O7: =K7 -> 17 | P7: ='Voc & Isc Test Result'!L179 -> 1.0136603 | Q7: ='Voc & Isc Test Result'!L326 -> 0.7806673 | Z7: Nmod | AA7: Number of the modules which compose each tested string
B8: 4 | C8: 6 | D8: =Table3[[#This Row],[Tm]]+Table3[[#This Row],[ΔT]]*(Table3[[#This Row],[G]]/Table3[[#This Row],[Gstc]]) -> 37.094 | E8: 698 | F8: 35 | G8: 778 | H8: 7.64 | K8: 17 | L8: =IF(K8>0,1000,0) -> 1000 | M8: =IF(L8>0,3,0) -> 3 | O8: =K8 -> 17 | P8: ='Voc & Isc Test Result'!L180 -> 1.0189205 | Q8: ='Voc & Isc Test Result'!L327 -> 0.77326004 | Z8: Voc stc | AA8: Rated PV module open circuit voltage at standard conditions (STC) (V)
D9: =Table3[[#This Row],[Tm]]+Table3[[#This Row],[ΔT]]*(Table3[[#This Row],[G]]/Table3[[#This Row],[Gstc]]) -> #DIV/0! | L9: =IF(K9>0,1000,0) -> 0 | M9: =IF(L9>0,3,0) -> 0 | O9: =K9 -> 0 | P9: ='Voc & Isc Test Result'!L181 | Q9: ='Voc & Isc Test Result'!L328 | Z9: δ Voc | AA9: PV module manufacturer's rated temperature coefficient of Voc (% / ° C)
B10: 5 | C10: 7 | D10: =Table3[[#This Row],[Tm]]+Table3[[#This Row],[ΔT]]*(Table3[[#This Row],[G]]/Table3[[#This Row],[Gstc]]) -> 35.65 | E10: 550 | F10: 34 | G10: 775 | H10: 7.58 | K10: 17 | L10: =IF(K10>0,1000,0) -> 1000 | M10: =IF(L10>0,3,0) -> 3 | O10: =K10 -> 17 | P10: ='Voc & Isc Test Result'!L182 -> 1.0115359 | Q10: ='Voc & Isc Test Result'!L329 -> 0.97432969 | Z10: Tc | AA10: Temperature of the cell of the PV module (°C)
D11: =Table3[[#This Row],[Tm]]+Table3[[#This Row],[ΔT]]*(Table3[[#This Row],[G]]/Table3[[#This Row],[Gstc]]) -> #DIV/0! | L11: =IF(K11>0,1000,0) -> 0 | M11: =IF(L11>0,3,0) -> 0 | O11: =K11 -> 0 | P11: ='Voc & Isc Test Result'!L183 | Q11: ='Voc & Isc Test Result'!L330 | Z11: N | AA11: Number of strings which compose each test
B12: 6 | C12: 8 | D12: =Table3[[#This Row],[Tm]]+Table3[[#This Row],[ΔT]]*(Table3[[#This Row],[G]]/Table3[[#This Row],[Gstc]]) -> 35.65 | E12: 550 | F12: 34 | G12: 777 | H12: 7.57 | K12: 17 | L12: =IF(K12>0,1000,0) -> 1000 | M12: =IF(L12>0,3,0) -> 3 | O12: =K12 -> 17 | P12: ='Voc & Isc Test Result'!L184 -> 1.0141463 | Q12: ='Voc & Isc Test Result'!L331 -> 0.97304429 | Z12: Isc stc | AA12: Rated PV module short circuit curent at standard conditions indicated in the photovoltaic panel data sheet (STC) (A)
D13: =Table3[[#This Row],[Tm]]+Table3[[#This Row],[ΔT]]*(Table3[[#This Row],[G]]/Table3[[#This Row],[Gstc]]) -> #DIV/0! | L13: =IF(K13>0,1000,0) -> 0 | M13: =IF(L13>0,3,0) -> 0 | O13: =K13 -> 0 | P13: ='Voc & Isc Test Result'!L185 | Q13: ='Voc & Isc Test Result'!L332 | Z13: G | AA13: Irradiance on the plane of the PV modules (W/m2)
B14: 7 | C14: 9 | D14: =Table3[[#This Row],[Tm]]+Table3[[#This Row],[ΔT]]*(Table3[[#This Row],[G]]/Table3[[#This Row],[Gstc]]) -> 35.65 | E14: 550 | F14: 34 | G14: 866 | H14: 7.63 | K14: 19 | L14: =IF(K14>0,1000,0) -> 1000 | M14: =IF(L14>0,3,0) -> 3 | O14: =K14 -> 19 | P14: ='Voc & Isc Test Result'!L186 -> 1.0113298 | Q14: ='Voc & Isc Test Result'!L333 -> 0.98075667
D15: =Table3[[#This Row],[Tm]]+Table3[[#This Row],[ΔT]]*(Table3[[#This Row],[G]]/Table3[[#This Row],[Gstc]]) -> #DIV/0! | L15: =IF(K15>0,1000,0) -> 0 | M15: =IF(L15>0,3,0) -> 0 | O15: =K15 -> 0 | P15: ='Voc & Isc Test Result'!L187 | Q15: ='Voc & Isc Test Result'!L334
B16: 8 | C16: 10 | D16: =Table3[[#This Row],[Tm]]+Table3[[#This Row],[ΔT]]*(Table3[[#This Row],[G]]/Table3[[#This Row],[Gstc]]) -> 34.656 | E16: 552 | F16: 33 | G16: 868 | H16: 7.61 | K16: 19 | L16: =IF(K16>0,1000,0) -> 1000 | M16: =IF(L16>0,3,0) -> 3 | O16: =K16 -> 19 | P16: ='Voc & Isc Test Result'!L188 -> 1.0112954 | Q16: ='Voc & Isc Test Result'!L335 -> 0.97512379
D17: =Table3[[#This Row],[Tm]]+Table3[[#This Row],[ΔT]]*(Table3[[#This Row],[G]]/Table3[[#This Row],[Gstc]]) -> #DIV/0! | L17: =IF(K17>0,1000,0) -> 0 | M17: =IF(L17>0,3,0) -> 0 | O17: =K17 -> 0 | P17: ='Voc & Isc Test Result'!L189 | Q17: ='Voc & Isc Test Result'!L336
B18: 9 | C18: 11 | D18: =Table3[[#This Row],[Tm]]+Table3[[#This Row],[ΔT]]*(Table3[[#This Row],[G]]/Table3[[#This Row],[Gstc]]) -> 37.656 | E18: 552 | F18: 36 | G18: 729 | H18: 7.65 | K18: 16 | L18: =IF(K18>0,1000,0) -> 1000 | M18: =IF(L18>0,3,0) -> 3 | O18: =K18 -> 16 | P18: ='Voc & Isc Test Result'!L190 -> 1.0157691 | Q18: ='Voc & Isc Test Result'!L337 -> 0.97878815
C19: 12 | D19: =Table3[[#This Row],[Tm]]+Table3[[#This Row],[ΔT]]*(Table3[[#This Row],[G]]/Table3[[#This Row],[Gstc]]) -> 37.656 | E19: 552 | F19: 36 | G19: 732 | H19: 7.59 | K19: 16 | L19: =IF(K19>0,1000,0) -> 1000 | M19: =IF(L19>0,3,0) -> 3 | O19: =K19 -> 16 | P19: ='Voc & Isc Test Result'!L191 -> 1.0199492 | Q19: ='Voc & Isc Test Result'!L338 -> 0.97111138
B20: 10 | C20: 13 | D20: =Table3[[#This Row],[Tm]]+Table3[[#This Row],[ΔT]]*(Table3[[#This Row],[G]]/Table3[[#This Row],[Gstc]]) -> 38.139 | E20: 713 | F20: 36 | G20: 736 | H20: 7.55 | K20: 16 | L20: =IF(K20>0,1000,0) -> 1000 | M20: =IF(L20>0,3,0) -> 3 | O20: =K20 -> 16 | P20: ='Voc & Isc Test Result'!L192 -> 1.0266975 | Q20: ='Voc & Isc Test Result'!L339 -> 0.74768653
D21: =Table3[[#This Row],[Tm]]+Table3[[#This Row],[ΔT]]*(Table3[[#This Row],[G]]/Table3[[#This Row],[Gstc]]) -> #DIV/0! | L21: =IF(K21>0,1000,0) -> 0 | M21: =IF(L21>0,3,0) -> 0 | O21: =K21 -> 0 | P21: ='Voc & Isc Test Result'!L193 | Q21: ='Voc & Isc Test Result'!L340
A22: 2 | B22: 1 | C22: 14 | D22: =Table3[[#This Row],[Tm]]+Table3[[#This Row],[ΔT]]*(Table3[[#This Row],[G]]/Table3[[#This Row],[Gstc]]) -> 32.136 | E22: 712 | F22: 30 | G22: 818 | H22: 6.17 | K22: 18 | L22: =IF(K22>0,1000,0) -> 1000 | M22: =IF(L22>0,3,0) -> 3 | O22: =K22 -> 18 | P22: ='Voc & Isc Test Result'!L196 -> 1.0000598 | Q22: ='Voc & Isc Test Result'!L344 -> 0.61371151 | Z22: Gstc | AA22: Irradiance in STC conditions (1000 W/m2)
C23: 15 | D23: =Table3[[#This Row],[Tm]]+Table3[[#This Row],[ΔT]]*(Table3[[#This Row],[G]]/Table3[[#This Row],[Gstc]]) -> 32.136 | E23: 712 | F23: 30 | G23: 817 | H23: 6.1 | K23: 18 | L23: =IF(K23>0,1000,0) -> 1000 | M23: =IF(L23>0,3,0) -> 3 | O23: =K23 -> 18 | P23: ='Voc & Isc Test Result'!L197 -> 0.9988372 | Q23: ='Voc & Isc Test Result'!L345 -> 0.60674882 | Z23: δIsc | AA23: PV module manufacturer's rated temperature coefficient of Isc (% / °C)
B24: 2 | C24: 16 | D24: =Table3[[#This Row],[Tm]]+Table3[[#This Row],[ΔT]]*(Table3[[#This Row],[G]]/Table3[[#This Row],[Gstc]]) -> 32.136 | E24: 712 | F24: 30 | G24: 814 | H24: 6.14 | K24: 18 | L24: =IF(K24>0,1000,0) -> 1000 | M24: =IF(L24>0,3,0) -> 3 | O24: =K24 -> 18 | P24: ='Voc & Isc Test Result'!L198 -> 0.9951695 | Q24: ='Voc & Isc Test Result'!L346 -> 0.6107275 | Z24: Tc | AA24: Temperature of the cell of the PV module (°C)
C25: 17 | D25: =Table3[[#This Row],[Tm]]+Table3[[#This Row],[ΔT]]*(Table3[[#This Row],[G]]/Table3[[#This Row],[Gstc]]) -> 34.115 | E25: 705 | F25: 32 | G25: 822 | H25: 6.11 | K25: 18 | L25: =IF(K25>0,1000,0) -> 1000 | M25: =IF(L25>0,3,0) -> 3 | O25: =K25 -> 18 | P25: ='Voc & Isc Test Result'!L199 -> 1.0096222 | Q25: ='Voc & Isc Test Result'!L347 -> 0.61317324 | Z25: Isc theo | AA25: Theoratical short circuit current (A)
B26: 3 | C26: 18 | D26: =Table3[[#This Row],[Tm]]+Table3[[#This Row],[ΔT]]*(Table3[[#This Row],[G]]/Table3[[#This Row],[Gstc]]) -> 34.106 | E26: 702 | F26: 32 | G26: 822 | H26: 6.32 | K26: 18 | L26: =IF(K26>0,1000,0) -> 1000 | M26: =IF(L26>0,3,0) -> 3 | O26: =K26 -> 18 | P26: ='Voc & Isc Test Result'!L200 -> 1.0096009 | Q26: ='Voc & Isc Test Result'!L348 -> 0.63696125
C27: 19 | D27: =Table3[[#This Row],[Tm]]+Table3[[#This Row],[ΔT]]*(Table3[[#This Row],[G]]/Table3[[#This Row],[Gstc]]) -> 34.106 | E27: 702 | F27: 32 | G27: 824 | H27: 6.42 | K27: 18 | L27: =IF(K27>0,1000,0) -> 1000 | M27: =IF(L27>0,3,0) -> 3 | O27: =K27 -> 18 | P27: ='Voc & Isc Test Result'!L201 -> 1.0120573 | Q27: ='Voc & Isc Test Result'!L349
B28: 4 | C28: 20 | D28: =Table3[[#This Row],[Tm]]+Table3[[#This Row],[ΔT]]*(Table3[[#This Row],[G]]/Table3[[#This Row],[Gstc]]) -> 34.106 | E28: 702 | F28: 32 | G28: 824 | H28: 6.17 | K28: 18 | L28: =IF(K28>0,1000,0) -> 1000 | M28: =IF(L28>0,3,0) -> 3 | O28: =K28 -> 18 | P28: ='Voc & Isc Test Result'!L202 -> 1.0120573 | Q28: ='Voc & Isc Test Result'!L350 -> 0.6218435
D29: =Table3[[#This Row],[Tm]]+Table3[[#This Row],[ΔT]]*(Table3[[#This Row],[G]]/Table3[[#This Row],[Gstc]]) -> #DIV/0! | L29: =IF(K29>0,1000,0) -> 0 | M29: =IF(L29>0,3,0) -> 0 | O29: =K29 -> 0 | P29: ='Voc & Isc Test Result'!L203 | Q29: ='Voc & Isc Test Result'!L351
B30: 5 | C30: 21 | D30: =Table3[[#This Row],[Tm]]+Table3[[#This Row],[ΔT]]*(Table3[[#This Row],[G]]/Table3[[#This Row],[Gstc]]) -> 2.106 | E30: 702 | G30: 785 | H30: 7.45 | K30: 17 | L30: =IF(K30>0,1000,0) -> 1000 | M30: =IF(L30>0,3,0) -> 3 | O30: =K30 -> 17 | P30: ='Voc & Isc Test Result'!L204 -> 0.94949396 | Q30: ='Voc & Isc Test Result'!L352 -> 0.763001
C31: 22 | D31: =Table3[[#This Row],[Tm]]+Table3[[#This Row],[ΔT]]*(Table3[[#This Row],[G]]/Table3[[#This Row],[Gstc]]) -> 2.106 | E31: 702 | G31: 777 | H31: 7.49 | K31: 17 | L31: =IF(K31>0,1000,0) -> 1000 | M31: =IF(L31>0,3,0) -> 3 | O31: =K31 -> 17 | P31: ='Voc & Isc Test Result'!L205 -> 0.93981759 | Q31: ='Voc & Isc Test Result'!L353 -> 0.76709765
B32: 6 | C32: 23 | D32: =Table3[[#This Row],[Tm]]+Table3[[#This Row],[ΔT]]*(Table3[[#This Row],[G]]/Table3[[#This Row],[Gstc]]) -> 2.106 | E32: 702 | K32: 17 | L32: =IF(K32>0,1000,0) -> 1000 | M32: =IF(L32>0,3,0) -> 3 | O32: =K32 -> 17 | P32: ='Voc & Isc Test Result'!L206 -> 0 | Q32: ='Voc & Isc Test Result'!L354 -> 0
C33: 24 | D33: =Table3[[#This Row],[Tm]]+Table3[[#This Row],[ΔT]]*(Table3[[#This Row],[G]]/Table3[[#This Row],[Gstc]]) -> 31.737 | E33: 579 | F33: 30 | G33: 778 | H33: 7.39 | K33: 17 | L33: =IF(K33>0,1000,0) -> 1000 | M33: =IF(L33>0,3,0) -> 3 | O33: =K33 -> 17 | P33: ='Voc & Isc Test Result'!L207 -> 1.0061687 | Q33: ='Voc & Isc Test Result'!L355 -> 0.90408927
B34: 7 | C34: 25 | D34: =Table3[[#This Row],[Tm]]+Table3[[#This Row],[ΔT]]*(Table3[[#This Row],[G]]/Table3[[#This Row],[Gstc]]) -> 31.737 | E34: 579 | F34: 30 | G34: 774 | H34: 7.35 | K34: 17 | L34: =IF(K34>0,1000,0) -> 1000 | M34: =IF(L34>0,3,0) -> 3 | O34: =K34 -> 17 | P34: ='Voc & Isc Test Result'!L208 -> 1.0009956 | Q34: ='Voc & Isc Test Result'!L356 -> 0.89919569
D35: =Table3[[#This Row],[Tm]]+Table3[[#This Row],[ΔT]]*(Table3[[#This Row],[G]]/Table3[[#This Row],[Gstc]]) -> #DIV/0! | L35: =IF(K35>0,1000,0) -> 0 | M35: =IF(L35>0,3,0) -> 0 | O35: =K35 -> 0 | P35: ='Voc & Isc Test Result'!L209 | Q35: ='Voc & Isc Test Result'!L357
B36: 8 | C36: 26 | D36: =Table3[[#This Row],[Tm]]+Table3[[#This Row],[ΔT]]*(Table3[[#This Row],[G]]/Table3[[#This Row],[Gstc]]) -> 31.737 | E36: 579 | F36: 30 | G36: 777 | H36: 7.27 | K36: 17 | L36: =IF(K36>0,1000,0) -> 1000 | M36: =IF(L36>0,3,0) -> 3 | O36: =K36 -> 17 | P36: ='Voc & Isc Test Result'!L210 -> 1.0048755 | Q36: ='Voc & Isc Test Result'!L358 -> 0.88940852
D37: =Table3[[#This Row],[Tm]]+Table3[[#This Row],[ΔT]]*(Table3[[#This Row],[G]]/Table3[[#This Row],[Gstc]]) -> #DIV/0! | L37: =IF(K37>0,1000,0) -> 0 | M37: =IF(L37>0,3,0) -> 0 | O37: =K37 -> 0 | P37: ='Voc & Isc Test Result'!L211 | Q37: ='Voc & Isc Test Result'!L359
B38: 9 | C38: 27 | D38: =Table3[[#This Row],[Tm]]+Table3[[#This Row],[ΔT]]*(Table3[[#This Row],[G]]/Table3[[#This Row],[Gstc]]) -> 31.737 | E38: 579 | F38: 30 | G38: 775 | H38: 7.29 | K38: 17 | L38: =IF(K38>0,1000,0) -> 1000 | M38: =IF(L38>0,3,0) -> 3 | O38: =K38 -> 17 | P38: ='Voc & Isc Test Result'!L212 -> 1.0022889 | Q38: ='Voc & Isc Test Result'!L360 -> 0.89185531
D39: =Table3[[#This Row],[Tm]]+Table3[[#This Row],[ΔT]]*(Table3[[#This Row],[G]]/Table3[[#This Row],[Gstc]]) -> #DIV/0! | L39: =IF(K39>0,1000,0) -> 0 | M39: =IF(L39>0,3,0) -> 0 | O39: =K39 -> 0 | P39: ='Voc & Isc Test Result'!L213 | Q39: ='Voc & Isc Test Result'!L361
B40: 10 | C40: 28 | D40: =Table3[[#This Row],[Tm]]+Table3[[#This Row],[ΔT]]*(Table3[[#This Row],[G]]/Table3[[#This Row],[Gstc]]) -> 31.737 | E40: 579 | F40: 30 | G40: 864 | H40: 7.23 | K40: 19 | L40: =IF(K40>0,1000,0) -> 1000 | M40: =IF(L40>0,3,0) -> 3 | O40: =K40 -> 19 | P40: ='Voc & Isc Test Result'!L214 -> 0.99977042 | Q40: ='Voc & Isc Test Result'!L362 -> 0.88451494
D41: =Table3[[#This Row],[Tm]]+Table3[[#This Row],[ΔT]]*(Table3[[#This Row],[G]]/Table3[[#This Row],[Gstc]]) -> #DIV/0! | L41: =IF(K41>0,1000,0) -> 0 | M41: =IF(L41>0,3,0) -> 0 | O41: =K41 -> 0 | P41: ='Voc & Isc Test Result'!L215 | Q41: ='Voc & Isc Test Result'!L363
A42: 3 | B42: 1 | C42: 29 | D42: =Table3[[#This Row],[Tm]]+Table3[[#This Row],[ΔT]]*(Table3[[#This Row],[G]]/Table3[[#This Row],[Gstc]]) -> 32.07 | E42: 690 | F42: 30 | G42: 915 | H42: 5.77 | K42: 20 | L42: =IF(K42>0,1000,0) -> 1000 | M42: =IF(L42>0,3,0) -> 3 | O42: =K42 -> 20 | P42: ='Voc & Isc Test Result'!L218 -> 1.0066285 | Q42: ='Voc & Isc Test Result'!L367 -> 0.59224322
D43: =Table3[[#This Row],[Tm]]+Table3[[#This Row],[ΔT]]*(Table3[[#This Row],[G]]/Table3[[#This Row],[Gstc]]) -> #DIV/0! | L43: =IF(K43>0,1000,0) -> 0 | M43: =IF(L43>0,3,0) -> 0 | O43: =K43 -> 0 | P43: ='Voc & Isc Test Result'!L219 | Q43: ='Voc & Isc Test Result'!L368
B44: 2 | C44: 30 | D44: =Table3[[#This Row],[Tm]]+Table3[[#This Row],[ΔT]]*(Table3[[#This Row],[G]]/Table3[[#This Row],[Gstc]]) -> 1.833 | E44: 611 | G44: 914 | H44: 5.77 | K44: 20 | L44: =IF(K44>0,1000,0) -> 1000 | M44: =IF(L44>0,3,0) -> 3 | O44: =K44 -> 20 | P44: ='Voc & Isc Test Result'!L220 -> 0.93913645 | Q44: ='Voc & Isc Test Result'!L369 -> 0.67904807
D45: =Table3[[#This Row],[Tm]]+Table3[[#This Row],[ΔT]]*(Table3[[#This Row],[G]]/Table3[[#This Row],[Gstc]]) -> #DIV/0! | L45: =IF(K45>0,1000,0) -> 0 | M45: =IF(L45>0,3,0) -> 0 | O45: =K45 -> 0 | P45: ='Voc & Isc Test Result'!L221 | Q45: ='Voc & Isc Test Result'!L370
B46: 3 | C46: 31 | D46: =Table3[[#This Row],[Tm]]+Table3[[#This Row],[ΔT]]*(Table3[[#This Row],[G]]/Table3[[#This Row],[Gstc]]) -> 1.833 | E46: 611 | G46: 914 | H46: 5.72 | K46: 20 | L46: =IF(K46>0,1000,0) -> 1000 | M46: =IF(L46>0,3,0) -> 3 | O46: =K46 -> 20 | P46: ='Voc & Isc Test Result'!L222 -> 0.93913645 | Q46: ='Voc & Isc Test Result'!L371 -> 0.67316377
D47: =Table3[[#This Row],[Tm]]+Table3[[#This Row],[ΔT]]*(Table3[[#This Row],[G]]/Table3[[#This Row],[Gstc]]) -> #DIV/0! | L47: =IF(K47>0,1000,0) -> 0 | M47: =IF(L47>0,3,0) -> 0 | O47: =K47 -> 0 | P47: ='Voc & Isc Test Result'!L223 | Q47: ='Voc & Isc Test Result'!L372
B48: 4 | C48: 32 | D48: =Table3[[#This Row],[Tm]]+Table3[[#This Row],[ΔT]]*(Table3[[#This Row],[G]]/Table3[[#This Row],[Gstc]]) -> 1.833 | E48: 611 | G48: 916 | H48: 5.66 | K48: 20 | L48: =IF(K48>0,1000,0) -> 1000 | M48: =IF(L48>0,3,0) -> 3 | O48: =K48 -> 20 | P48: ='Voc & Isc Test Result'!L224 -> 0.94119145 | Q48: ='Voc & Isc Test Result'!L373 -> 0.66610261
D49: =Table3[[#This Row],[Tm]]+Table3[[#This Row],[ΔT]]*(Table3[[#This Row],[G]]/Table3[[#This Row],[Gstc]]) -> #DIV/0! | L49: =IF(K49>0,1000,0) -> 0 | M49: =IF(L49>0,3,0) -> 0 | O49: =K49 -> 0 | P49: ='Voc & Isc Test Result'!L225 | Q49: ='Voc & Isc Test Result'!L374
B50: 5 | C50: 33 | D50: =Table3[[#This Row],[Tm]]+Table3[[#This Row],[ΔT]]*(Table3[[#This Row],[G]]/Table3[[#This Row],[Gstc]]) -> 34.815 | E50: 605 | F50: 33 | G50: 821 | H50: 7.17 | K50: 18 | L50: =IF(K50>0,1000,0) -> 1000 | M50: =IF(L50>0,3,0) -> 3 | O50: =K50 -> 18 | P50: ='Voc & Isc Test Result'!L226 -> 1.010055 | Q50: ='Voc & Isc Test Result'!L375 -> 0.83819216
C51: 34 | D51: =Table3[[#This Row],[Tm]]+Table3[[#This Row],[ΔT]]*(Table3[[#This Row],[G]]/Table3[[#This Row],[Gstc]]) -> 34.815 | E51: 605 | F51: 33 | K51: 18 | L51: =IF(K51>0,1000,0) -> 1000 | M51: =IF(L51>0,3,0) -> 3 | O51: =K51 -> 18 | P51: ='Voc & Isc Test Result'!L227 -> 0 | Q51: ='Voc & Isc Test Result'!L376 -> 0
B52: 6 | C52: 35 | D52: =Table3[[#This Row],[Tm]]+Table3[[#This Row],[ΔT]]*(Table3[[#This Row],[G]]/Table3[[#This Row],[Gstc]]) -> 34.815 | E52: 605 | F52: 33 | G52: 820 | H52: 7.14 | K52: 18 | L52: =IF(K52>0,1000,0) -> 1000 | M52: =IF(L52>0,3,0) -> 3 | O52: =K52 -> 18 | P52: ='Voc & Isc Test Result'!L228 -> 1.0088247 | Q52: ='Voc & Isc Test Result'!L377 -> 0.83468508
C53: 36 | D53: =Table3[[#This Row],[Tm]]+Table3[[#This Row],[ΔT]]*(Table3[[#This Row],[G]]/Table3[[#This Row],[Gstc]]) -> 30.728 | E53: 576 | F53: 29 | G53: 821 | H53: 7.04 | K53: 18 | L53: =IF(K53>0,1000,0) -> 1000 | M53: =IF(L53>0,3,0) -> 3 | O53: =K53 -> 18 | P53: ='Voc & Isc Test Result'!L229 -> 1.0004336 | Q53: ='Voc & Isc Test Result'!L378 -> 0.86619174
B54: 7 | C54: 37 | D54: =Table3[[#This Row],[Tm]]+Table3[[#This Row],[ΔT]]*(Table3[[#This Row],[G]]/Table3[[#This Row],[Gstc]]) -> 30.728 | E54: 576 | F54: 29 | G54: 814 | H54: 7 | K54: 18 | L54: =IF(K54>0,1000,0) -> 1000 | M54: =IF(L54>0,3,0) -> 3 | O54: =K54 -> 18 | P54: ='Voc & Isc Test Result'!L230 -> 0.99190372 | Q54: ='Voc & Isc Test Result'!L379 -> 0.86127019
C55: 38 | D55: =Table3[[#This Row],[Tm]]+Table3[[#This Row],[ΔT]]*(Table3[[#This Row],[G]]/Table3[[#This Row],[Gstc]]) -> 30.728 | E55: 576 | F55: 29 | G55: 810 | H55: 7.07 | K55: 18 | L55: =IF(K55>0,1000,0) -> 1000 | M55: =IF(L55>0,3,0) -> 3 | O55: =K55 -> 18 | P55: ='Voc & Isc Test Result'!L231 -> 0.9870295 | Q55: ='Voc & Isc Test Result'!L380 -> 0.8698829
B56: 8 | C56: 39 | D56: =Table3[[#This Row],[Tm]]+Table3[[#This Row],[ΔT]]*(Table3[[#This Row],[G]]/Table3[[#This Row],[Gstc]]) -> 30.728 | E56: 576 | F56: 29 | G56: 816 | H56: 6.96 | K56: 18 | L56: =IF(K56>0,1000,0) -> 1000 | M56: =IF(L56>0,3,0) -> 3 | O56: =K56 -> 18 | P56: ='Voc & Isc Test Result'!L232 -> 0.99434083 | Q56: ='Voc & Isc Test Result'!L381 -> 0.85634865
D57: =Table3[[#This Row],[Tm]]+Table3[[#This Row],[ΔT]]*(Table3[[#This Row],[G]]/Table3[[#This Row],[Gstc]]) -> #DIV/0! | L57: =IF(K57>0,1000,0) -> 0 | M57: =IF(L57>0,3,0) -> 0 | O57: =K57 -> 0 | P57: ='Voc & Isc Test Result'!L233 | Q57: ='Voc & Isc Test Result'!L382
B58: 9 | C58: 40 | D58: =Table3[[#This Row],[Tm]]+Table3[[#This Row],[ΔT]]*(Table3[[#This Row],[G]]/Table3[[#This Row],[Gstc]]) -> 36.941 | E58: 647 | F58: 35 | G58: 812 | H58: 7 | K58: 18 | L58: =IF(K58>0,1000,0) -> 1000 | M58: =IF(L58>0,3,0) -> 3 | O58: =K58 -> 18 | P58: ='Voc & Isc Test Result'!L234 -> 1.0040053 | Q58: ='Voc & Isc Test Result'!L383 -> 0.76438898
D59: =Table3[[#This Row],[Tm]]+Table3[[#This Row],[ΔT]]*(Table3[[#This Row],[G]]/Table3[[#This Row],[Gstc]]) -> #DIV/0! | L59: =IF(K59>0,1000,0) -> 0 | M59: =IF(L59>0,3,0) -> 0 | O59: =K59 -> 0 | P59: ='Voc & Isc Test Result'!L235 | Q59: ='Voc & Isc Test Result'!L384
B60: 10 | C60: 41 | D60: =Table3[[#This Row],[Tm]]+Table3[[#This Row],[ΔT]]*(Table3[[#This Row],[G]]/Table3[[#This Row],[Gstc]]) -> 36.941 | E60: 647 | F60: 35 | G60: 815 | H60: 6.98 | K60: 18 | L60: =IF(K60>0,1000,0) -> 1000 | M60: =IF(L60>0,3,0) -> 3 | O60: =K60 -> 18 | P60: ='Voc & Isc Test Result'!L236 -> 1.0077147 | Q60: ='Voc & Isc Test Result'!L385 -> 0.76220501
D61: =Table3[[#This Row],[Tm]]+Table3[[#This Row],[ΔT]]*(Table3[[#This Row],[G]]/Table3[[#This Row],[Gstc]]) -> #DIV/0! | L61: =IF(K61>0,1000,0) -> 0 | M61: =IF(L61>0,3,0) -> 0 | O61: =K61 -> 0 | P61: ='Voc & Isc Test Result'!L237 | Q61: ='Voc & Isc Test Result'!L386
A62: 4 | B62: 1 | C62: 42 | D62: =Table3[[#This Row],[Tm]]+Table3[[#This Row],[ΔT]]*(Table3[[#This Row],[G]]/Table3[[#This Row],[Gstc]]) -> 33.956 | E62: 652 | F62: 32 | G62: 788 | H62: 6.26 | K62: 17 | L62: =IF(K62>0,1000,0) -> 1000 | M62: =IF(L62>0,3,0) -> 3 | O62: =K62 -> 17 | P62: ='Voc & Isc Test Result'!L240 -> 1.0244121 | Q62: ='Voc & Isc Test Result'!L390 -> 0.67934786
D63: =Table3[[#This Row],[Tm]]+Table3[[#This Row],[ΔT]]*(Table3[[#This Row],[G]]/Table3[[#This Row],[Gstc]]) -> #DIV/0! | L63: =IF(K63>0,1000,0) -> 0 | M63: =IF(L63>0,3,0) -> 0 | O63: =K63 -> 0 | P63: ='Voc & Isc Test Result'!L241 | Q63: ='Voc & Isc Test Result'!L391
B64: 2 | C64: 43 | D64: =Table3[[#This Row],[Tm]]+Table3[[#This Row],[ΔT]]*(Table3[[#This Row],[G]]/Table3[[#This Row],[Gstc]]) -> 33.956 | E64: 652 | F64: 32 | G64: 781 | H64: 6.39 | K64: 17 | L64: =IF(K64>0,1000,0) -> 1000 | M64: =IF(L64>0,3,0) -> 3 | O64: =K64 -> 17 | P64: ='Voc & Isc Test Result'!L242 -> 1.015312 | Q64: ='Voc & Isc Test Result'!L392 -> 0.69345572
D65: =Table3[[#This Row],[Tm]]+Table3[[#This Row],[ΔT]]*(Table3[[#This Row],[G]]/Table3[[#This Row],[Gstc]]) -> #DIV/0! | L65: =IF(K65>0,1000,0) -> 0 | M65: =IF(L65>0,3,0) -> 0 | O65: =K65 -> 0 | P65: ='Voc & Isc Test Result'!L243 | Q65: ='Voc & Isc Test Result'!L393
B66: 3 | C66: 44 | D66: =Table3[[#This Row],[Tm]]+Table3[[#This Row],[ΔT]]*(Table3[[#This Row],[G]]/Table3[[#This Row],[Gstc]]) -> 36.941 | E66: 647 | F66: 35 | G66: 731 | H66: 6.07 | K66: 16 | L66: =IF(K66>0,1000,0) -> 1000 | M66: =IF(L66>0,3,0) -> 3 | O66: =K66 -> 16 | P66: ='Voc & Isc Test Result'!L244 -> 1.0168335 | Q66: ='Voc & Isc Test Result'!L394 -> 0.66283444
D67: =Table3[[#This Row],[Tm]]+Table3[[#This Row],[ΔT]]*(Table3[[#This Row],[G]]/Table3[[#This Row],[Gstc]]) -> #DIV/0! | L67: =IF(K67>0,1000,0) -> 0 | M67: =IF(L67>0,3,0) -> 0 | O67: =K67 -> 0 | P67: ='Voc & Isc Test Result'!L245 | Q67: ='Voc & Isc Test Result'!L395
B68: 4 | C68: 45 | D68: =Table3[[#This Row],[Tm]]+Table3[[#This Row],[ΔT]]*(Table3[[#This Row],[G]]/Table3[[#This Row],[Gstc]]) -> 36.941 | E68: 647 | F68: 35 | G68: 730 | H68: 6.05 | K68: 16 | L68: =IF(K68>0,1000,0) -> 1000 | M68: =IF(L68>0,3,0) -> 3 | O68: =K68 -> 16 | P68: ='Voc & Isc Test Result'!L246 -> 1.0154425 | Q68: ='Voc & Isc Test Result'!L396 -> 0.66065047
C69: 46 | D69: =Table3[[#This Row],[Tm]]+Table3[[#This Row],[ΔT]]*(Table3[[#This Row],[G]]/Table3[[#This Row],[Gstc]]) -> 36.941 | E69: 647 | F69: 35 | G69: 730 | H69: 5.82 | K69: 16 | L69: =IF(K69>0,1000,0) -> 1000 | M69: =IF(L69>0,3,0) -> 3 | O69: =K69 -> 16 | P69: ='Voc & Isc Test Result'!L247 -> 1.0154425 | Q69: ='Voc & Isc Test Result'!L397 -> 0.63553484
B70: 5 | C70: 47 | D70: =Table3[[#This Row],[Tm]]+Table3[[#This Row],[ΔT]]*(Table3[[#This Row],[G]]/Table3[[#This Row],[Gstc]]) -> 36.98 | E70: 660 | F70: 35 | G70: 731 | H70: 5.93 | K70: 16 | L70: =IF(K70>0,1000,0) -> 1000 | M70: =IF(L70>0,3,0) -> 3 | O70: =K70 -> 16 | P70: ='Voc & Isc Test Result'!L248 -> 1.0169273 | Q70: ='Voc & Isc Test Result'!L398 -> 0.63477965
C71: 48 | D71: =Table3[[#This Row],[Tm]]+Table3[[#This Row],[ΔT]]*(Table3[[#This Row],[G]]/Table3[[#This Row],[Gstc]]) -> 36.98 | E71: 660 | F71: 35 | G71: 729 | H71: 5.41 | K71: 16 | L71: =IF(K71>0,1000,0) -> 1000 | M71: =IF(L71>0,3,0) -> 3 | O71: =K71 -> 16 | P71: ='Voc & Isc Test Result'!L249 -> 1.0141451 | Q71: ='Voc & Isc Test Result'!L399 -> 0.57911601
B72: 6 | C72: 49 | D72: =Table3[[#This Row],[Tm]]+Table3[[#This Row],[ΔT]]*(Table3[[#This Row],[G]]/Table3[[#This Row],[Gstc]]) -> 33.986 | E72: 662 | F72: 32 | G72: 729 | H72: 7.18 | K72: 16 | L72: =IF(K72>0,1000,0) -> 1000 | M72: =IF(L72>0,3,0) -> 3 | O72: =K72 -> 16 | P72: ='Voc & Isc Test Result'!L250 -> 1.0070141 | Q72: ='Voc & Isc Test Result'!L400 -> 0.76740645
D73: =Table3[[#This Row],[Tm]]+Table3[[#This Row],[ΔT]]*(Table3[[#This Row],[G]]/Table3[[#This Row],[Gstc]]) -> #DIV/0! | L73: =IF(K73>0,1000,0) -> 0 | M73: =IF(L73>0,3,0) -> 0 | O73: =K73 -> 0 | P73: ='Voc & Isc Test Result'!L251 | Q73: ='Voc & Isc Test Result'!L401
B74: 7 | C74: 50 | D74: =Table3[[#This Row],[Tm]]+Table3[[#This Row],[ΔT]]*(Table3[[#This Row],[G]]/Table3[[#This Row],[Gstc]]) -> 33.226 | E74: 742 | F74: 31 | K74: 17 | L74: =IF(K74>0,1000,0) -> 1000 | M74: =IF(L74>0,3,0) -> 3 | O74: =K74 -> 17 | P74: ='Voc & Isc Test Result'!L252 -> 0 | Q74: ='Voc & Isc Test Result'!L402 -> 0
D75: =Table3[[#This Row],[Tm]]+Table3[[#This Row],[ΔT]]*(Table3[[#This Row],[G]]/Table3[[#This Row],[Gstc]]) -> #DIV/0! | L75: =IF(K75>0,1000,0) -> 0 | M75: =IF(L75>0,3,0) -> 0 | O75: =K75 -> 0 | P75: ='Voc & Isc Test Result'!L253 | Q75: ='Voc & Isc Test Result'!L403
B76: 8 | C76: 51 | D76: =Table3[[#This Row],[Tm]]+Table3[[#This Row],[ΔT]]*(Table3[[#This Row],[G]]/Table3[[#This Row],[Gstc]]) -> 34.064 | E76: 688 | F76: 32 | G76: 770 | H76: 8.7 | K76: 17 | L76: =IF(K76>0,1000,0) -> 1000 | M76: =IF(L76>0,3,0) -> 3 | O76: =K76 -> 17 | P76: ='Voc & Isc Test Result'!L254 -> 1.0012657 | Q76: ='Voc & Isc Test Result'!L404 -> 0.89469074
C77: 52 | D77: =Table3[[#This Row],[Tm]]+Table3[[#This Row],[ΔT]]*(Table3[[#This Row],[G]]/Table3[[#This Row],[Gstc]]) -> 34.064 | E77: 688 | F77: 32 | G77: 767 | H77: 9.38 | K77: 17 | L77: =IF(K77>0,1000,0) -> 1000 | M77: =IF(L77>0,3,0) -> 3 | O77: =K77 -> 17 | P77: ='Voc & Isc Test Result'!L255 -> 0.99736471 | Q77: ='Voc & Isc Test Result'!L405 -> 0.96462059
B78: 9 | C78: 53 | D78: =Table3[[#This Row],[Tm]]+Table3[[#This Row],[ΔT]]*(Table3[[#This Row],[G]]/Table3[[#This Row],[Gstc]]) -> 34.064 | E78: 688 | F78: 32 | G78: 767 | H78: 9.27 | K78: 17 | L78: =IF(K78>0,1000,0) -> 1000 | M78: =IF(L78>0,3,0) -> 3 | O78: =K78 -> 17 | P78: ='Voc & Isc Test Result'!L256 -> 0.99736471 | Q78: ='Voc & Isc Test Result'!L406 -> 0.95330841
C79: 54 | D79: =Table3[[#This Row],[Tm]]+Table3[[#This Row],[ΔT]]*(Table3[[#This Row],[G]]/Table3[[#This Row],[Gstc]]) -> 34.064 | E79: 688 | F79: 32 | G79: 766 | H79: 9.23 | K79: 17 | L79: =IF(K79>0,1000,0) -> 1000 | M79: =IF(L79>0,3,0) -> 3 | O79: =K79 -> 17 | P79: ='Voc & Isc Test Result'!L257 -> 0.99606436 | Q79: ='Voc & Isc Test Result'!L407 -> 0.94919489
B80: 10 | C80: 55 | D80: =Table3[[#This Row],[Tm]]+Table3[[#This Row],[ΔT]]*(Table3[[#This Row],[G]]/Table3[[#This Row],[Gstc]]) -> 34.064 | E80: 688 | F80: 32 | G80: 768 | H80: 9.19 | K80: 17 | L80: =IF(K80>0,1000,0) -> 1000 | M80: =IF(L80>0,3,0) -> 3 | O80: =K80 -> 17 | P80: ='Voc & Isc Test Result'!L258 -> 0.99866505 | Q80: ='Voc & Isc Test Result'!L408 -> 0.94508136
C81: 56 | D81: =Table3[[#This Row],[Tm]]+Table3[[#This Row],[ΔT]]*(Table3[[#This Row],[G]]/Table3[[#This Row],[Gstc]]) -> 34.064 | E81: 688 | F81: 32 | G81: 772 | H81: 8.16 | K81: 17 | L81: =IF(K81>0,1000,0) -> 1000 | M81: =IF(L81>0,3,0) -> 3 | O81: =K81 -> 17 | P81: ='Voc & Isc Test Result'!L259 -> 1.0038664 | Q81: ='Voc & Isc Test Result'!L409 -> 0.83915821
A82: 5 | B82: 1 | C82: 57 | D82: =Table3[[#This Row],[Tm]]+Table3[[#This Row],[ΔT]]*(Table3[[#This Row],[G]]/Table3[[#This Row],[Gstc]]) -> 34.109 | E82: 703 | F82: 32 | G82: 828 | H82: 5.84 | K82: 18 | L82: =IF(K82>0,1000,0) -> 1000 | M82: =IF(L82>0,3,0) -> 3 | O82: =K82 -> 18 | P82: ='Voc & Isc Test Result'!L262 -> 1.0169774 | Q82: ='Voc & Isc Test Result'!L413 -> 0.58774632
C83: 58 | D83: =Table3[[#This Row],[Tm]]+Table3[[#This Row],[ΔT]]*(Table3[[#This Row],[G]]/Table3[[#This Row],[Gstc]]) -> 34.109 | E83: 703 | F83: 32 | K83: 18 | L83: =IF(K83>0,1000,0) -> 1000 | M83: =IF(L83>0,3,0) -> 3 | O83: =K83 -> 18 | P83: ='Voc & Isc Test Result'!L263 -> 0 | Q83: ='Voc & Isc Test Result'!L414 -> 0
B84: 2 | C84: 59 | D84: =Table3[[#This Row],[Tm]]+Table3[[#This Row],[ΔT]]*(Table3[[#This Row],[G]]/Table3[[#This Row],[Gstc]]) -> 34.109 | E84: 703 | F84: 32 | G84: 823 | H84: 5.87 | K84: 18 | L84: =IF(K84>0,1000,0) -> 1000 | M84: =IF(L84>0,3,0) -> 3 | O84: =K84 -> 18 | P84: ='Voc & Isc Test Result'!L264 -> 1.0108362 | Q84: ='Voc & Isc Test Result'!L415 -> 0.59076557
D85: =Table3[[#This Row],[Tm]]+Table3[[#This Row],[ΔT]]*(Table3[[#This Row],[G]]/Table3[[#This Row],[Gstc]]) -> #DIV/0! | L85: =IF(K85>0,1000,0) -> 0 | M85: =IF(L85>0,3,0) -> 0 | O85: =K85 -> 0 | P85: ='Voc & Isc Test Result'!L265 | Q85: ='Voc & Isc Test Result'!L416
B86: 3 | C86: 60 | D86: =Table3[[#This Row],[Tm]]+Table3[[#This Row],[ΔT]]*(Table3[[#This Row],[G]]/Table3[[#This Row],[Gstc]]) -> 34.376 | E86: 792 | F86: 32 | G86: 720 | H86: 8.92 | K86: 16 | L86: =IF(K86>0,1000,0) -> 1000 | M86: =IF(L86>0,3,0) -> 3 | O86: =K86 -> 16 | P86: ='Voc & Isc Test Result'!L266 -> 0.99549359 | Q86: ='Voc & Isc Test Result'!L417 -> 0.79673585
C87: 61 | D87: =Table3[[#This Row],[Tm]]+Table3[[#This Row],[ΔT]]*(Table3[[#This Row],[G]]/Table3[[#This Row],[Gstc]]) -> 34.376 | E87: 792 | F87: 32 | G87: 721 | H87: 9.02 | K87: 16 | L87: =IF(K87>0,1000,0) -> 1000 | M87: =IF(L87>0,3,0) -> 3 | O87: =K87 -> 16 | P87: ='Voc & Isc Test Result'!L267 -> 0.99687622 | Q87: ='Voc & Isc Test Result'!L418 -> 0.80566787
B88: 4 | C88: 62 | D88: =Table3[[#This Row],[Tm]]+Table3[[#This Row],[ΔT]]*(Table3[[#This Row],[G]]/Table3[[#This Row],[Gstc]]) -> 34.376 | E88: 792 | F88: 32 | G88: 717 | H88: 8.59 | K88: 16 | L88: =IF(K88>0,1000,0) -> 1000 | M88: =IF(L88>0,3,0) -> 3 | O88: =K88 -> 16 | P88: ='Voc & Isc Test Result'!L268 -> 0.9913457 | Q88: ='Voc & Isc Test Result'!L419 -> 0.7672602
C89: 63 | D89: =Table3[[#This Row],[Tm]]+Table3[[#This Row],[ΔT]]*(Table3[[#This Row],[G]]/Table3[[#This Row],[Gstc]]) -> 0 | G89: 719 | H89: 8.64 | K89: 16 | L89: =IF(K89>0,1000,0) -> 1000 | M89: =IF(L89>0,3,0) -> 3 | O89: =K89 -> 16 | P89: ='Voc & Isc Test Result'!L269 -> 0.91978549 | Q89: ='Voc & Isc Test Result'!L420
B90: 5 | C90: 64 | D90: =Table3[[#This Row],[Tm]]+Table3[[#This Row],[ΔT]]*(Table3[[#This Row],[G]]/Table3[[#This Row],[Gstc]]) -> 0 | G90: 774 | H90: 7.87 | K90: 17 | L90: =IF(K90>0,1000,0) -> 1000 | M90: =IF(L90>0,3,0) -> 3 | O90: =K90 -> 17 | P90: ='Voc & Isc Test Result'!L270 -> 0.93190081 | Q90: ='Voc & Isc Test Result'!L421
C91: 65 | D91: =Table3[[#This Row],[Tm]]+Table3[[#This Row],[ΔT]]*(Table3[[#This Row],[G]]/Table3[[#This Row],[Gstc]]) -> 32.259 | E91: 753 | F91: 30 | G91: 776 | H91: 7.87 | K91: 17 | L91: =IF(K91>0,1000,0) -> 1000 | M91: =IF(L91>0,3,0) -> 3 | O91: =K91 -> 17 | P91: ='Voc & Isc Test Result'!L271 -> 1.0048075 | Q91: ='Voc & Isc Test Result'!L422 -> 0.74013721
B92: 6 | C92: 66 | D92: =Table3[[#This Row],[Tm]]+Table3[[#This Row],[ΔT]]*(Table3[[#This Row],[G]]/Table3[[#This Row],[Gstc]]) -> 32.259 | E92: 753 | F92: 30 | G92: 781 | H92: 8.15 | K92: 17 | L92: =IF(K92>0,1000,0) -> 1000 | M92: =IF(L92>0,3,0) -> 3 | O92: =K92 -> 17 | P92: ='Voc & Isc Test Result'!L272 -> 1.0112818 | Q92: ='Voc & Isc Test Result'!L423 -> 0.76646992
D93: =Table3[[#This Row],[Tm]]+Table3[[#This Row],[ΔT]]*(Table3[[#This Row],[G]]/Table3[[#This Row],[Gstc]]) -> #DIV/0! | L93: =IF(K93>0,1000,0) -> 0 | M93: =IF(L93>0,3,0) -> 0 | O93: =K93 -> 0 | P93: ='Voc & Isc Test Result'!L273 | Q93: ='Voc & Isc Test Result'!L424
B94: 7 | C94: 67 | D94: =Table3[[#This Row],[Tm]]+Table3[[#This Row],[ΔT]]*(Table3[[#This Row],[G]]/Table3[[#This Row],[Gstc]]) -> 32.259 | E94: 753 | F94: 30 | G94: 724 | H94: 8.67 | K94: 16 | L94: =IF(K94>0,1000,0) -> 1000 | M94: =IF(L94>0,3,0) -> 3 | O94: =K94 -> 16 | P94: ='Voc & Isc Test Result'!L274 -> 0.99606727 | Q94: ='Voc & Isc Test Result'!L425 -> 0.81537352
D95: =Table3[[#This Row],[Tm]]+Table3[[#This Row],[ΔT]]*(Table3[[#This Row],[G]]/Table3[[#This Row],[Gstc]]) -> #DIV/0! | L95: =IF(K95>0,1000,0) -> 0 | M95: =IF(L95>0,3,0) -> 0 | O95: =K95 -> 0 | P95: ='Voc & Isc Test Result'!L275 | Q95: ='Voc & Isc Test Result'!L426
B96: 8 | C96: 68 | D96: =Table3[[#This Row],[Tm]]+Table3[[#This Row],[ΔT]]*(Table3[[#This Row],[G]]/Table3[[#This Row],[Gstc]]) -> 0 | K96: 18 | L96: =IF(K96>0,1000,0) -> 1000 | M96: =IF(L96>0,3,0) -> 3 | O96: =K96 -> 18 | P96: ='Voc & Isc Test Result'!L276 -> 0 | Q96: ='Voc & Isc Test Result'!L427
C97: 69 | D97: =Table3[[#This Row],[Tm]]+Table3[[#This Row],[ΔT]]*(Table3[[#This Row],[G]]/Table3[[#This Row],[Gstc]]) -> 30.292 | E97: 764 | F97: 28 | G97: 818 | H97: 10.27 | K97: 18 | L97: =IF(K97>0,1000,0) -> 1000 | M97: =IF(L97>0,3,0) -> 3 | O97: =K97 -> 18 | P97: ='Voc & Isc Test Result'!L277 -> 0.99576605 | Q97: ='Voc & Isc Test Result'!L428 -> 0.95287375
B98: 9 | C98: 70 | D98: =Table3[[#This Row],[Tm]]+Table3[[#This Row],[ΔT]]*(Table3[[#This Row],[G]]/Table3[[#This Row],[Gstc]]) -> 30.292 | E98: 764 | F98: 28 | G98: 761 | H98: 8.06 | K98: 17 | L98: =IF(K98>0,1000,0) -> 1000 | M98: =IF(L98>0,3,0) -> 3 | O98: =K98 -> 17 | P98: ='Voc & Isc Test Result'!L278 -> 0.98087181 | Q98: ='Voc & Isc Test Result'!L429 -> 0.74782497
D99: =Table3[[#This Row],[Tm]]+Table3[[#This Row],[ΔT]]*(Table3[[#This Row],[G]]/Table3[[#This Row],[Gstc]]) -> #DIV/0! | L99: =IF(K99>0,1000,0) -> 0 | M99: =IF(L99>0,3,0) -> 0 | O99: =K99 -> 0 | P99: ='Voc & Isc Test Result'!L279 | Q99: ='Voc & Isc Test Result'!L430
B100: 10 | C100: 71 | D100: =Table3[[#This Row],[Tm]]+Table3[[#This Row],[ΔT]]*(Table3[[#This Row],[G]]/Table3[[#This Row],[Gstc]]) -> 30.728 | E100: 576 | F100: 29 | G100: 822 | H100: 9 | K100: 18 | L100: =IF(K100>0,1000,0) -> 1000 | M100: =IF(L100>0,3,0) -> 3 | O100: =K100 -> 18 | P100: ='Voc & Isc Test Result'!L280 -> 1.0016522 | Q100: ='Voc & Isc Test Result'!L431 -> 1.1073474
...

Sheet Sheet4
A1: Inverter | B1: MPPT | C1: String | D1: Tc | E1: G | F1: Tm
A2: 1 | B2: 1 | C2: 1 | D2: =Table3[[#This Row],[Tm]]+Table3[[#This Row],[ΔT]]*(Table3[[#This Row],[G]]/Table3[[#This Row],[Gstc]]) -> 47.7 | E2: 703 | F2: 33
C3: 2 | D3: =Table3[[#This Row],[Tm]]+Table3[[#This Row],[ΔT]]*(Table3[[#This Row],[G]]/Table3[[#This Row],[Gstc]]) -> 35.109 | E3: 703 | F3: 33
B4: 2 | C4: 3 | D4: =Table3[[#This Row],[Tm]]+Table3[[#This Row],[ΔT]]*(Table3[[#This Row],[G]]/Table3[[#This Row],[Gstc]]) -> 35.109 | E4: 703 | F4: 33
B6: 3 | C6: 4 | D6: =Table3[[#This Row],[Tm]]+Table3[[#This Row],[ΔT]]*(Table3[[#This Row],[G]]/Table3[[#This Row],[Gstc]]) -> 38.076 | E6: 692 | F6: 36
C7: 5 | D7: =Table3[[#This Row],[Tm]]+Table3[[#This Row],[ΔT]]*(Table3[[#This Row],[G]]/Table3[[#This Row],[Gstc]]) -> 37.085 | E7: 695 | F7: 35
B8: 4 | C8: 6 | D8: =Table3[[#This Row],[Tm]]+Table3[[#This Row],[ΔT]]*(Table3[[#This Row],[G]]/Table3[[#This Row],[Gstc]]) -> 37.094 | E8: 698 | F8: 35
B10: 5 | C10: 7 | D10: =Table3[[#This Row],[Tm]]+Table3[[#This Row],[ΔT]]*(Table3[[#This Row],[G]]/Table3[[#This Row],[Gstc]]) -> 35.65 | E10: 550 | F10: 34
B12: 6 | C12: 8 | D12: =Table3[[#This Row],[Tm]]+Table3[[#This Row],[ΔT]]*(Table3[[#This Row],[G]]/Table3[[#This Row],[Gstc]]) -> 35.65 | E12: 550 | F12: 34
B14: 7 | C14: 9 | D14: =Table3[[#This Row],[Tm]]+Table3[[#This Row],[ΔT]]*(Table3[[#This Row],[G]]/Table3[[#This Row],[Gstc]]) -> 35.65 | E14: 550 | F14: 34
B16: 8 | C16: 10 | D16: =Table3[[#This Row],[Tm]]+Table3[[#This Row],[ΔT]]*(Table3[[#This Row],[G]]/Table3[[#This Row],[Gstc]]) -> 34.656 | E16: 552 | F16: 33
B18: 9 | C18: 11 | D18: =Table3[[#This Row],[Tm]]+Table3[[#This Row],[ΔT]]*(Table3[[#This Row],[G]]/Table3[[#This Row],[Gstc]]) -> 37.656 | E18: 552 | F18: 36
C19: 12 | D19: =Table3[[#This Row],[Tm]]+Table3[[#This Row],[ΔT]]*(Table3[[#This Row],[G]]/Table3[[#This Row],[Gstc]]) -> 37.656 | E19: 552 | F19: 36
B20: 10 | C20: 13 | D20: =Table3[[#This Row],[Tm]]+Table3[[#This Row],[ΔT]]*(Table3[[#This Row],[G]]/Table3[[#This Row],[Gstc]]) -> 38.139 | E20: 713 | F20: 36
A22: 2 | B22: 1 | C22: 14 | D22: =Table3[[#This Row],[Tm]]+Table3[[#This Row],[ΔT]]*(Table3[[#This Row],[G]]/Table3[[#This Row],[Gstc]]) -> 32.136 | E22: 712 | F22: 30
C23: 15 | D23: =Table3[[#This Row],[Tm]]+Table3[[#This Row],[ΔT]]*(Table3[[#This Row],[G]]/Table3[[#This Row],[Gstc]]) -> 32.136 | E23: 712 | F23: 30
B24: 2 | C24: 16 | D24: =Table3[[#This Row],[Tm]]+Table3[[#This Row],[ΔT]]*(Table3[[#This Row],[G]]/Table3[[#This Row],[Gstc]]) -> 32.136 | E24: 712 | F24: 30
C25: 17 | D25: =Table3[[#This Row],[Tm]]+Table3[[#This Row],[ΔT]]*(Table3[[#This Row],[G]]/Table3[[#This Row],[Gstc]]) -> 34.115 | E25: 705 | F25: 32
B26: 3 | C26: 18 | D26: =Table3[[#This Row],[Tm]]+Table3[[#This Row],[ΔT]]*(Table3[[#This Row],[G]]/Table3[[#This Row],[Gstc]]) -> 34.106 | E26: 702 | F26: 32
C27: 19 | D27: =Table3[[#This Row],[Tm]]+Table3[[#This Row],[ΔT]]*(Table3[[#This Row],[G]]/Table3[[#This Row],[Gstc]]) -> 34.106 | E27: 702 | F27: 32
B28: 4 | C28: 20 | D28: =Table3[[#This Row],[Tm]]+Table3[[#This Row],[ΔT]]*(Table3[[#This Row],[G]]/Table3[[#This Row],[Gstc]]) -> 34.106 | E28: 702 | F28: 32
B30: 5 | C30: 21 | D30: =Table3[[#This Row],[Tm]]+Table3[[#This Row],[ΔT]]*(Table3[[#This Row],[G]]/Table3[[#This Row],[Gstc]]) -> 2.106 | E30: 702
C31: 22 | D31: =Table3[[#This Row],[Tm]]+Table3[[#This Row],[ΔT]]*(Table3[[#This Row],[G]]/Table3[[#This Row],[Gstc]]) -> 2.106 | E31: 702
B32: 6 | C32: 23 | D32: =Table3[[#This Row],[Tm]]+Table3[[#This Row],[ΔT]]*(Table3[[#This Row],[G]]/Table3[[#This Row],[Gstc]]) -> 2.106 | E32: 702
C33: 24 | D33: =Table3[[#This Row],[Tm]]+Table3[[#This Row],[ΔT]]*(Table3[[#This Row],[G]]/Table3[[#This Row],[Gstc]]) -> 31.737
B34: 7 | C34: 25 | D34: =Table3[[#This Row],[Tm]]+Table3[[#This Row],[ΔT]]*(Table3[[#This Row],[G]]/Table3[[#This Row],[Gstc]]) -> 31.737
B36: 8 | C36: 26 | D36: =Table3[[#This Row],[Tm]]+Table3[[#This Row],[ΔT]]*(Table3[[#This Row],[G]]/Table3[[#This Row],[Gstc]]) -> 31.737 | E36: 579 | F36: 30
B38: 9 | C38: 27 | D38: =Table3[[#This Row],[Tm]]+Table3[[#This Row],[ΔT]]*(Table3[[#This Row],[G]]/Table3[[#This Row],[Gstc]]) -> 31.737 | E38: 579 | F38: 30
B40: 10 | C40: 28 | D40: =Table3[[#This Row],[Tm]]+Table3[[#This Row],[ΔT]]*(Table3[[#This Row],[G]]/Table3[[#This Row],[Gstc]]) -> 31.737 | E40: 579 | F40: 30
A42: 3 | B42: 1 | C42: 29 | D42: =Table3[[#This Row],[Tm]]+Table3[[#This Row],[ΔT]]*(Table3[[#This Row],[G]]/Table3[[#This Row],[Gstc]]) -> 32.07
B44: 2 | C44: 30 | D44: =Table3[[#This Row],[Tm]]+Table3[[#This Row],[ΔT]]*(Table3[[#This Row],[G]]/Table3[[#This Row],[Gstc]]) -> 1.833
B46: 3 | C46: 31 | D46: =Table3[[#This Row],[Tm]]+Table3[[#This Row],[ΔT]]*(Table3[[#This Row],[G]]/Table3[[#This Row],[Gstc]]) -> 1.833
B48: 4 | C48: 32 | D48: =Table3[[#This Row],[Tm]]+Table3[[#This Row],[ΔT]]*(Table3[[#This Row],[G]]/Table3[[#This Row],[Gstc]]) -> 1.833
B50: 5 | C50: 33 | D50: =Table3[[#This Row],[Tm]]+Table3[[#This Row],[ΔT]]*(Table3[[#This Row],[G]]/Table3[[#This Row],[Gstc]]) -> 34.815 | E50: 605 | F50: 33
C51: 34 | D51: =Table3[[#This Row],[Tm]]+Table3[[#This Row],[ΔT]]*(Table3[[#This Row],[G]]/Table3[[#This Row],[Gstc]]) -> 34.815 | E51: 605 | F51: 33
B52: 6 | C52: 35 | D52: =Table3[[#This Row],[Tm]]+Table3[[#This Row],[ΔT]]*(Table3[[#This Row],[G]]/Table3[[#This Row],[Gstc]]) -> 34.815 | E52: 605 | F52: 33
C53: 36 | D53: =Table3[[#This Row],[Tm]]+Table3[[#This Row],[ΔT]]*(Table3[[#This Row],[G]]/Table3[[#This Row],[Gstc]]) -> 30.728 | E53: 576 | F53: 29
B54: 7 | C54: 37 | D54: =Table3[[#This Row],[Tm]]+Table3[[#This Row],[ΔT]]*(Table3[[#This Row],[G]]/Table3[[#This Row],[Gstc]]) -> 30.728 | E54: 576 | F54: 29
C55: 38 | D55: =Table3[[#This Row],[Tm]]+Table3[[#This Row],[ΔT]]*(Table3[[#This Row],[G]]/Table3[[#This Row],[Gstc]]) -> 30.728 | E55: 576 | F55: 29
B56: 8 | C56: 39 | D56: =Table3[[#This Row],[Tm]]+Table3[[#This Row],[ΔT]]*(Table3[[#This Row],[G]]/Table3[[#This Row],[Gstc]]) -> 30.728 | E56: 576 | F56: 29
B58: 9 | C58: 40 | D58: =Table3[[#This Row],[Tm]]+Table3[[#This Row],[ΔT]]*(Table3[[#This Row],[G]]/Table3[[#This Row],[Gstc]]) -> 36.941
B60: 10 | C60: 41 | D60: =Table3[[#This Row],[Tm]]+Table3[[#This Row],[ΔT]]*(Table3[[#This Row],[G]]/Table3[[#This Row],[Gstc]]) -> 36.941
A62: 4 | B62: 1 | C62: 42 | D62: =Table3[[#This Row],[Tm]]+Table3[[#This Row],[ΔT]]*(Table3[[#This Row],[G]]/Table3[[#This Row],[Gstc]]) -> 33.956 | E62: 652 | F62: 32
B64: 2 | C64: 43 | D64: =Table3[[#This Row],[Tm]]+Table3[[#This Row],[ΔT]]*(Table3[[#This Row],[G]]/Table3[[#This Row],[Gstc]]) -> 33.956 | E64: 652 | F64: 32
B66: 3 | C66: 44 | D66: =Table3[[#This Row],[Tm]]+Table3[[#This Row],[ΔT]]*(Table3[[#This Row],[G]]/Table3[[#This Row],[Gstc]]) -> 36.941 | E66: 647 | F66: 35
B68: 4 | C68: 45 | D68: =Table3[[#This Row],[Tm]]+Table3[[#This Row],[ΔT]]*(Table3[[#This Row],[G]]/Table3[[#This Row],[Gstc]]) -> 36.941 | E68: 647 | F68: 35
C69: 46 | D69: =Table3[[#This Row],[Tm]]+Table3[[#This Row],[ΔT]]*(Table3[[#This Row],[G]]/Table3[[#This Row],[Gstc]]) -> 36.941 | E69: 647 | F69: 35
B70: 5 | C70: 47 | D70: =Table3[[#This Row],[Tm]]+Table3[[#This Row],[ΔT]]*(Table3[[#This Row],[G]]/Table3[[#This Row],[Gstc]]) -> 36.98 | E70: 660 | F70: 35
C71: 48 | D71: =Table3[[#This Row],[Tm]]+Table3[[#This Row],[ΔT]]*(Table3[[#This Row],[G]]/Table3[[#This Row],[Gstc]]) -> 36.98 | E71: 660 | F71: 35
B72: 6 | C72: 49 | D72: =Table3[[#This Row],[Tm]]+Table3[[#This Row],[ΔT]]*(Table3[[#This Row],[G]]/Table3[[#This Row],[Gstc]]) -> 33.986 | E72: 662 | F72: 32
B74: 7 | C74: 50 | D74: =Table3[[#This Row],[Tm]]+Table3[[#This Row],[ΔT]]*(Table3[[#This Row],[G]]/Table3[[#This Row],[Gstc]]) -> 33.226 | E74: 742 | F74: 31
B76: 8 | C76: 51 | D76: =Table3[[#This Row],[Tm]]+Table3[[#This Row],[ΔT]]*(Table3[[#This Row],[G]]/Table3[[#This Row],[Gstc]]) -> 34.064 | E76: 688 | F76: 32
C77: 52 | D77: =Table3[[#This Row],[Tm]]+Table3[[#This Row],[ΔT]]*(Table3[[#This Row],[G]]/Table3[[#This Row],[Gstc]]) -> 34.064 | E77: 688 | F77: 32
B78: 9 | C78: 53 | D78: =Table3[[#This Row],[Tm]]+Table3[[#This Row],[ΔT]]*(Table3[[#This Row],[G]]/Table3[[#This Row],[Gstc]]) -> 34.064 | E78: 688 | F78: 32
C79: 54 | D79: =Table3[[#This Row],[Tm]]+Table3[[#This Row],[ΔT]]*(Table3[[#This Row],[G]]/Table3[[#This Row],[Gstc]]) -> 34.064 | E79: 688 | F79: 32
B80: 10 | C80: 55 | D80: =Table3[[#This Row],[Tm]]+Table3[[#This Row],[ΔT]]*(Table3[[#This Row],[G]]/Table3[[#This Row],[Gstc]]) -> 34.064 | E80: 688 | F80: 32
C81: 56 | D81: =Table3[[#This Row],[Tm]]+Table3[[#This Row],[ΔT]]*(Table3[[#This Row],[G]]/Table3[[#This Row],[Gstc]]) -> 34.064 | E81: 688 | F81: 32
A82: 5 | B82: 1 | C82: 57 | D82: =Table3[[#This Row],[Tm]]+Table3[[#This Row],[ΔT]]*(Table3[[#This Row],[G]]/Table3[[#This Row],[Gstc]]) -> 34.109 | E82: 703 | F82: 32
C83: 58 | D83: =Table3[[#This Row],[Tm]]+Table3[[#This Row],[ΔT]]*(Table3[[#This Row],[G]]/Table3[[#This Row],[Gstc]]) -> 34.109 | E83: 703 | F83: 32
B84: 2 | C84: 59 | D84: =Table3[[#This Row],[Tm]]+Table3[[#This Row],[ΔT]]*(Table3[[#This Row],[G]]/Table3[[#This Row],[Gstc]]) -> 34.109 | E84: 703 | F84: 32
B86: 3 | C86: 60 | D86: =Table3[[#This Row],[Tm]]+Table3[[#This Row],[ΔT]]*(Table3[[#This Row],[G]]/Table3[[#This Row],[Gstc]]) -> 34.376
C87: 61 | D87: =Table3[[#This Row],[Tm]]+Table3[[#This Row],[ΔT]]*(Table3[[#This Row],[G]]/Table3[[#This Row],[Gstc]]) -> 34.376
B88: 4 | C88: 62 | D88: =Table3[[#This Row],[Tm]]+Table3[[#This Row],[ΔT]]*(Table3[[#This Row],[G]]/Table3[[#This Row],[Gstc]]) -> 34.376
C89: 63 | D89: =Table3[[#This Row],[Tm]]+Table3[[#This Row],[ΔT]]*(Table3[[#This Row],[G]]/Table3[[#This Row],[Gstc]]) -> 0
B90: 5 | C90: 64 | D90: =Table3[[#This Row],[Tm]]+Table3[[#This Row],[ΔT]]*(Table3[[#This Row],[G]]/Table3[[#This Row],[Gstc]]) -> 0
C91: 65 | D91: =Table3[[#This Row],[Tm]]+Table3[[#This Row],[ΔT]]*(Table3[[#This Row],[G]]/Table3[[#This Row],[Gstc]]) -> 32.259 | E91: 753 | F91: 30
B92: 6 | C92: 66 | D92: =Table3[[#This Row],[Tm]]+Table3[[#This Row],[ΔT]]*(Table3[[#This Row],[G]]/Table3[[#This Row],[Gstc]]) -> 32.259 | E92: 753 | F92: 30
B94: 7 | C94: 67 | D94: =Table3[[#This Row],[Tm]]+Table3[[#This Row],[ΔT]]*(Table3[[#This Row],[G]]/Table3[[#This Row],[Gstc]]) -> 32.259 | E94: 753 | F94: 30
B96: 8 | C96: 68 | D96: =Table3[[#This Row],[Tm]]+Table3[[#This Row],[ΔT]]*(Table3[[#This Row],[G]]/Table3[[#This Row],[Gstc]]) -> 0
C97: 69 | D97: =Table3[[#This Row],[Tm]]+Table3[[#This Row],[ΔT]]*(Table3[[#This Row],[G]]/Table3[[#This Row],[Gstc]]) -> 30.292
B98: 9 | C98: 70 | D98: =Table3[[#This Row],[Tm]]+Table3[[#This Row],[ΔT]]*(Table3[[#This Row],[G]]/Table3[[#This Row],[Gstc]]) -> 30.292
B100: 10 | C100: 71 | D100: =Table3[[#This Row],[Tm]]+Table3[[#This Row],[ΔT]]*(Table3[[#This Row],[G]]/Table3[[#This Row],[Gstc]]) -> 30.728 | E100: 576 | F100: 29
A102: 6 | B102: 1 | C102: 72 | D102: =Table3[[#This Row],[Tm]]+Table3[[#This Row],[ΔT]]*(Table3[[#This Row],[G]]/Table3[[#This Row],[Gstc]]) -> 30.728 | E102: 576 | F102: 29
B104: 2 | C104: 73 | D104: =Table3[[#This Row],[Tm]]+Table3[[#This Row],[ΔT]]*(Table3[[#This Row],[G]]/Table3[[#This Row],[Gstc]]) -> 30.728 | E104: 576 | F104: 29
B106: 3 | C106: 74 | D106: =Table3[[#This Row],[Tm]]+Table3[[#This Row],[ΔT]]*(Table3[[#This Row],[G]]/Table3[[#This Row],[Gstc]]) -> 34.154 | E106: 718 | F106: 32
B108: 4 | C108: 75 | D108: =Table3[[#This Row],[Tm]]+Table3[[#This Row],[ΔT]]*(Table3[[#This Row],[G]]/Table3[[#This Row],[Gstc]]) -> 34.154 | E108: 718 | F108: 32
B110: 5 | C110: 76 | D110: =Table3[[#This Row],[Tm]]+Table3[[#This Row],[ΔT]]*(Table3[[#This Row],[G]]/Table3[[#This Row],[Gstc]]) -> 34.154 | E110: 718 | F110: 32
B112: 6 | C112: 77 | D112: =Table3[[#This Row],[Tm]]+Table3[[#This Row],[ΔT]]*(Table3[[#This Row],[G]]/Table3[[#This Row],[Gstc]]) -> 43.121 | E112: 707 | F112: 41
C113: 78 | D113: =Table3[[#This Row],[Tm]]+Table3[[#This Row],[ΔT]]*(Table3[[#This Row],[G]]/Table3[[#This Row],[Gstc]]) -> 43.121 | E113: 707 | F113: 41
B114: 7 | C114: 79 | D114: =Table3[[#This Row],[Tm]]+Table3[[#This Row],[ΔT]]*(Table3[[#This Row],[G]]/Table3[[#This Row],[Gstc]]) -> 34.154 | E114: 718 | F114: 32
C115: 80 | D115: =Table3[[#This Row],[Tm]]+Table3[[#This Row],[ΔT]]*(Table3[[#This Row],[G]]/Table3[[#This Row],[Gstc]]) -> 34.154 | E115: 718 | F115: 32
B116: 8 | C116: 81 | D116: =Table3[[#This Row],[Tm]]+Table3[[#This Row],[ΔT]]*(Table3[[#This Row],[G]]/Table3[[#This Row],[Gstc]]) -> 32.136
B118: 9 | C118: 82 | D118: =Table3[[#This Row],[Tm]]+Table3[[#This Row],[ΔT]]*(Table3[[#This Row],[G]]/Table3[[#This Row],[Gstc]]) -> 30.728
B120: 10 | C120: 83 | D120: =Table3[[#This Row],[Tm]]+Table3[[#This Row],[ΔT]]*(Table3[[#This Row],[G]]/Table3[[#This Row],[Gstc]]) -> 30.728
C121: 84 | D121: =Table3[[#This Row],[Tm]]+Table3[[#This Row],[ΔT]]*(Table3[[#This Row],[G]]/Table3[[#This Row],[Gstc]]) -> 30.728

Sheet Sheet2
C7: G -Irradiance | D7: I -Current
C8: 702 | D8: 7.49
C9: 605 | D9: 7.17
C10: 753 | D10: 8.77
C11: 605 | D11: 7.14
C12: 576 | D12: 7.04
I14: 580
I15: 0.19
I16: =I14*I15 -> 110.2

Sheet Sheet1
C5: Strings
B6: Inv 1 | C6: 13
B7: Inv 2 | C7: 15
B8: Inv 3 | C8: 13
B9: Inv 4 | C9: 15
B10: Inv 5 | C10: 15
B11: Inv 6 | C11: 13
B12: Total | C12: =SUM(C6:C11) -> 84

Sheet Sheet3
B1: Inverter | C1: MPPT | D1: String | E1: No. of modules | F1: Orientation | G1: Tilt angle
B2: 1 | C2: 1 | D2: 1 | E2: 16 | F2: 270 | G2: 5
D3: 2 | E3: 16 | F3: 270 | G3: 5
C4: 2 | D4: 3 | E4: 18 | F4: 270 | G4: 5
C6: 3 | D6: 4 | E6: 17 | F6: 310 | G6: 5
D7: 5 | E7: 17 | F7: 310 | G7: 5
C8: 4 | D8: 6 | E8: 17 | F8: 310 | G8: 5
C10: 5 | D10: 7 | E10: 17 | F10: 310 | G10: 5
C12: 6 | D12: 8 | E12: 17 | F12: 310 | G12: 5
C14: 7 | D14: 9 | E14: 19 | F14: 310 | G14: 5
C16: 8 | D16: 10 | E16: 19 | F16: 310 | G16: 5
C18: 9 | D18: 11 | E18: 16 | F18: 310 | G18: 5
D19: 12 | E19: 16 | F19: 310 | G19: 5
C20: 10 | D20: 13 | E20: 16 | F20: 310 | G20: 5
B22: 2 | C22: 1 | D22: 14 | E22: 18 | F22: 130 | G22: 5
D23: 15 | E23: 18 | F23: 130 | G23: 5
C24: 2 | D24: 16 | E24: 18 | F24: 130 | G24: 5
D25: 17 | E25: 18 | F25: 130 | G25: 5
C26: 3 | D26: 18 | E26: 18 | F26: 130 | G26: 5
D27: 19 | E27: 18 | F27: 130 | G27: 5
C28: 4 | D28: 20 | E28: 18 | F28: 130 | G28: 5
C30: 5 | D30: 21 | E30: 17 | F30: 310 | G30: 5
D31: 22 | E31: 17 | F31: 310 | G31: 5
C32: 6 | D32: 23 | E32: 17 | F32: 310 | G32: 5
D33: 24 | E33: 17 | F33: 310 | G33: 5
C34: 7 | D34: 25 | E34: 17 | F34: 310 | G34: 5
C36: 8 | D36: 26 | E36: 17 | F36: 310 | G36: 5
C38: 9 | D38: 27 | E38: 17 | F38: 310 | G38: 5
C40: 10 | D40: 28 | E40: 19 | F40: 310 | G40: 5
B42: 3 | C42: 1 | D42: 29 | E42: 20 | F42: 130 | G42: 5
C44: 2 | D44: 30 | E44: 20 | F44: 130 | G44: 5
C46: 3 | D46: 31 | E46: 20 | F46: 130 | G46: 5
C48: 4 | D48: 32 | E48: 20 | F48: 130 | G48: 5
C50: 5 | D50: 33 | E50: 18 | F50: 310 | G50: 5
D51: 34 | E51: 18 | F51: 310 | G51: 5
C52: 6 | D52: 35 | E52: 18 | F52: 310 | G52: 5
D53: 36 | E53: 18 | F53: 310 | G53: 5
C54: 7 | D54: 37 | E54: 18 | F54: 310 | G54: 5
D55: 38 | E55: 18 | F55: 310 | G55: 5
C56: 8 | D56: 39 | E56: 18 | F56: 310 | G56: 5
C58: 9 | D58: 40 | E58: 18 | F58: 310 | G58: 5
C60: 10 | D60: 41 | E60: 18 | F60: 310 | G60: 5
B62: 4 | C62: 1 | D62: 42 | E62: 17 | F62: 130 | G62: 5
C64: 2 | D64: 43 | E64: 17 | F64: 130 | G64: 5
C66: 3 | D66: 44 | E66: 16 | F66: 130 | G66: 5
C68: 4 | D68: 45 | E68: 16 | F68: 130 | G68: 5
D69: 46 | E69: 16 | F69: 130 | G69: 5
C70: 5 | D70: 47 | E70: 16 | F70: 130 | G70: 5
D71: 48 | E71: 16 | F71: 130 | G71: 5
C72: 6 | D72: 49 | E72: 16 | F72: 0 | G72: 5
C74: 7 | D74: 50 | E74: 17 | F74: 0 | G74: 40
C76: 8 | D76: 51 | E76: 17 | F76: 0 | G76: 40
D77: 52 | E77: 17 | F77: 0 | G77: 40
C78: 9 | D78: 53 | E78: 17 | F78: 0 | G78: 40
D79: 54 | E79: 17 | F79: 0 | G79: 40
C80: 10 | D80: 55 | E80: 17 | F80: 0 | G80: 40
D81: 56 | E81: 17 | F81: 0 | G81: 40
B82: 5 | C82: 1 | D82: 57 | E82: 18 | F82: 130 | G82: 5
D83: 58 | E83: 18 | F83: 130 | G83: 5
C84: 2 | D84: 59 | E84: 18 | F84: 130 | G84: 5
C86: 3 | D86: 60 | E86: 16 | F86: 40 | G86: 40
D87: 61 | E87: 16 | F87: 40 | G87: 40
C88: 4 | D88: 62 | E88: 16 | F88: 40 | G88: 40
D89: 63 | E89: 16 | F89: 40 | G89: 40
C90: 5 | D90: 64 | E90: 17 | F90: 40 | G90: 40
D91: 65 | E91: 17 | F91: 40 | G91: 40
C92: 6 | D92: 66 | E92: 17 | F92: 40 | G92: 40
C94: 7 | D94: 67 | E94: 16 | F94: 40 | G94: 40
C96: 8 | D96: 68 | E96: 18 | F96: 0 | G96: 5
D97: 69 | E97: 18 | F97: 0 | G97: 5
C98: 9 | D98: 70 | E98: 17 | F98: 0 | G98: 5
C100: 10 | D100: 71 | E100: 18 | F100: 0 | G100: 5
B102: 6 | C102: 1 | D102: 72 | E102: 18 | F102: 130 | G102: 5
C104: 2 | D104: 73 | E104: 18 | F104: 130 | G104: 5
C106: 3 | D106: 74 | E106: 19 | F106: 0 | G106: 5
C108: 4 | D108: 75 | E108: 19 | F108: 0 | G108: 5
C110: 5 | D110: 76 | E110: 18 | F110: 0 | G110: 5
C112: 6 | D112: 77 | E112: 19 | F112: 0 | G112: 5
D113: 78 | E113: 19 | F113: 0 | G113: 5
C114: 7 | D114: 79 | E114: 19 | F114: 0 | G114: 5
D115: 80 | E115: 19 | F115: 0 | G115: 5
C116: 8 | D116: 81 | E116: 17
C118: 9 | D118: 82 | E118: 18 | F118: 130 | G118: 5
C120: 10 | D120: 83 | E120: 18 | F120: 130 | G120: 5
D121: 84 | E121: 18 | F121: 130 | G121: 5
