Workbook

Sheet Voc & Isc Test Result
A2: A1 Commissioning - IV Curve Testing | L2: Site Name
L4: Tested By: | M4: Date:
A5: I - V CURVE IN STRINGS | H5: Inspection 1 Accept / Reject | I5: Inspection 2 Accept / Reject | L5: Your Name Here | M5: The Date
A6: 1 | B6: Test carried out during a cloudless interval with irradiance above 600W/m2
A7: =A6+1 -> 2 | B7: Test carried out before connecting the inverters to the loads
A8: =A7+1 -> 3 | B8: Fuses removed prior to connection of the I-V tracer in the case that the PV Facility is connected to the electrical network
A9: =A8+1 -> 4 | B9: Polarity of the strings measured and checked
A10: =A9+1 -> 5 | B10: Measure and record the temperature measured on the backsheet of the PV module (Tm ) for thermographic camera or through the average of the temperature cell sensors
A11: =A10+1 -> 6 | B11: Measure and record the Irradiance on the plane of the PV modules when performing the I-V curve
A12: =A11+1 -> 7 | B12: Measure and record the open circuit voltage Voc across each string through the I-V tracer
A13: =A12+1 -> 8 | B13: Measure and record the short circuit current (Isc ) of the string through the I-V tracer
A14: Notes:
A17: CALCULATIONS
A19: Tc: temperature of the cell of the PV module will be calculated theoretically using the formula:
A21: Tc | B21: Temperature of the cell of the PV module (°C)
A22: Tm | B22: Temperature measured on the backsheet of the PV module (°C)
A23: G | B23: Irradiance on the plane of the PV modules (W/m2)
A24: Gstc | B24: Irradiance in STC (1000W/m2)
A25: ∆T | B25: Temperature differences between PV cell and the PV backsheet, considered as 3 °C (as per IEC 61724, table A-1)
A27: INVERTER 1 | D27: G | E27: Gstc | F27: Tm | H27: ∆T | I27: Tc
A28: MPPT 1 | B28: INPUT 1 | D28: ='Raw Data_Mod Tests'!E2 -> 0 | E28: 1000 | F28: ='Raw Data_Mod Tests'!F2 -> 0 | H28: 3 | I28: =F28+((D28/E28)*H28) -> 0
B29: INPUT 2 | D29: ='Raw Data_Mod Tests'!E3 -> 0 | E29: 1000 | F29: ='Raw Data_Mod Tests'!F3 -> 0 | H29: 3 | I29: =F29+((D29/E29)*H29) -> 0
A30: MPPT 2 | B30: INPUT 1 | D30: ='Raw Data_Mod Tests'!E4 -> 0 | E30: 1000 | F30: ='Raw Data_Mod Tests'!F4 -> 0 | H30: 3 | I30: =F30+((D30/E30)*H30) -> 0
B31: INPUT 2 | D31: ='Raw Data_Mod Tests'!E5 -> 0 | E31: 1000 | F31: ='Raw Data_Mod Tests'!F5 -> 0 | H31: 3 | I31: =F31+((D31/E31)*H31) -> 0
A32: MPPT 3 | B32: INPUT 1 | D32: ='Raw Data_Mod Tests'!E6 -> 0 | E32: 1000 | F32: ='Raw Data_Mod Tests'!F6 -> 0 | H32: 3 | I32: =F32+((D32/E32)*H32) -> 0
B33: INPUT 2 | D33: ='Raw Data_Mod Tests'!E7 -> 0 | E33: 1000 | F33: ='Raw Data_Mod Tests'!F7 -> 0 | H33: 3 | I33: =F33+((D33/E33)*H33) -> 0
A34: MPPT 4 | B34: INPUT 1 | D34: ='Raw Data_Mod Tests'!E8 -> 0 | E34: 1000 | F34: ='Raw Data_Mod Tests'!F8 -> 0 | H34: 3 | I34: =F34+((D34/E34)*H34) -> 0
B35: INPUT 2 | D35: ='Raw Data_Mod Tests'!E9 -> 0 | E35: 1000 | F35: ='Raw Data_Mod Tests'!F9 -> 0 | H35: 3 | I35: =F35+((D35/E35)*H35) -> 0
A36: MPPT 5 | B36: INPUT 1 | D36: ='Raw Data_Mod Tests'!E10 -> 0 | E36: 1000 | F36: ='Raw Data_Mod Tests'!F10 -> 0 | H36: 3 | I36: =F36+((D36/E36)*H36) -> 0
B37: INPUT 2 | D37: ='Raw Data_Mod Tests'!E11 -> 0 | E37: 1000 | F37: ='Raw Data_Mod Tests'!F11 -> 0 | H37: 3 | I37: =F37+((D37/E37)*H37) -> 0
A38: MPPT 6 | B38: INPUT 1 | D38: ='Raw Data_Mod Tests'!E12 -> 0 | E38: 1000 | F38: ='Raw Data_Mod Tests'!F12 -> 0 | H38: 3 | I38: =F38+((D38/E38)*H38) -> 0
B39: INPUT 2 | D39: ='Raw Data_Mod Tests'!E13 -> 0 | E39: 1000 | F39: ='Raw Data_Mod Tests'!F13 -> 0 | H39: 3 | I39: =F39+((D39/E39)*H39) -> 0
A42: INVERTER 2 | D42: G | E42: Gstc | F42: Tm | H42: ∆T | I42: Tc
A43: MPPT 1 | B43: INPUT 1 | D43: ='Raw Data_Mod Tests'!E14 -> 0 | E43: 1000 | F43: ='Raw Data_Mod Tests'!F14 -> 0 | H43: 3 | I43: =F43+((D43/E43)*H43) -> 0
B44: INPUT 2 | D44: ='Raw Data_Mod Tests'!E15 -> 0 | E44: 1000 | F44: ='Raw Data_Mod Tests'!F15 -> 0 | H44: 3 | I44: =F44+((D44/E44)*H44) -> 0
A45: MPPT 2 | B45: INPUT 1 | D45: ='Raw Data_Mod Tests'!E16 -> 0 | E45: 1000 | F45: ='Raw Data_Mod Tests'!F16 -> 0 | H45: 3 | I45: =F45+((D45/E45)*H45) -> 0
B46: INPUT 2 | D46: ='Raw Data_Mod Tests'!E17 -> 0 | E46: 1000 | F46: ='Raw Data_Mod Tests'!F17 -> 0 | H46: 3 | I46: =F46+((D46/E46)*H46) -> 0
A47: MPPT 3 | B47: INPUT 1 | D47: ='Raw Data_Mod Tests'!E18 -> 0 | E47: 1000 | F47: ='Raw Data_Mod Tests'!F18 -> 0 | H47: 3 | I47: =F47+((D47/E47)*H47) -> 0
B48: INPUT 2 | D48: ='Raw Data_Mod Tests'!E19 -> 0 | E48: 1000 | F48: ='Raw Data_Mod Tests'!F19 -> 0 | H48: 3 | I48: =F48+((D48/E48)*H48) -> 0
A49: MPPT 4 | B49: INPUT 1 | D49: ='Raw Data_Mod Tests'!E20 -> 0 | E49: 1000 | F49: ='Raw Data_Mod Tests'!F20 -> 0 | H49: 3 | I49: =F49+((D49/E49)*H49) -> 0
B50: INPUT 2 | D50: ='Raw Data_Mod Tests'!E21 -> 0 | E50: 1000 | F50: ='Raw Data_Mod Tests'!F21 -> 0 | H50: 3 | I50: =F50+((D50/E50)*H50) -> 0
A51: MPPT 5 | B51: INPUT 1 | D51: ='Raw Data_Mod Tests'!E22 -> 0 | E51: 1000 | F51: ='Raw Data_Mod Tests'!F22 -> 0 | H51: 3 | I51: =F51+((D51/E51)*H51) -> 0
B52: INPUT 2 | D52: ='Raw Data_Mod Tests'!E23 -> 0 | E52: 1000 | F52: ='Raw Data_Mod Tests'!F23 -> 0 | H52: 3 | I52: =F52+((D52/E52)*H52) -> 0
A53: MPPT 6 | B53: INPUT 1 | D53: ='Raw Data_Mod Tests'!E24 -> 0 | E53: 1000 | F53: ='Raw Data_Mod Tests'!F24 -> 0 | H53: 3 | I53: =F53+((D53/E53)*H53) -> 0
B54: INPUT 2 | D54: ='Raw Data_Mod Tests'!E25 -> 0 | E54: 1000 | F54: ='Raw Data_Mod Tests'!F25 -> 0 | H54: 3 | I54: =F54+((D54/E54)*H54) -> 0
A57: INVERTER 3 | D57: G | E57: Gstc | F57: Tm | H57: ∆T | I57: Tc
A58: MPPT 1 | B58: INPUT 1 | D58: ='Raw Data_Mod Tests'!E26 -> 0 | E58: 1000 | F58: ='Raw Data_Mod Tests'!F26 -> 0 | H58: 3 | I58: =F58+((D58/E58)*H58) -> 0
B59: INPUT 2 | D59: ='Raw Data_Mod Tests'!E27 -> 0 | E59: 1000 | F59: ='Raw Data_Mod Tests'!F27 -> 0 | H59: 3 | I59: =F59+((D59/E59)*H59) -> 0
A60: MPPT 2 | B60: INPUT 1 | D60: ='Raw Data_Mod Tests'!E28 -> 0 | E60: 1000 | F60: ='Raw Data_Mod Tests'!F28 -> 0 | H60: 3 | I60: =F60+((D60/E60)*H60) -> 0
B61: INPUT 2 | D61: ='Raw Data_Mod Tests'!E29 -> 0 | E61: 1000 | F61: ='Raw Data_Mod Tests'!F29 -> 0 | H61: 3 | I61: =F61+((D61/E61)*H61) -> 0
A62: MPPT 3 | B62: INPUT 1 | D62: ='Raw Data_Mod Tests'!E30 -> 0 | E62: 1000 | F62: ='Raw Data_Mod Tests'!F30 -> 0 | H62: 3 | I62: =F62+((D62/E62)*H62) -> 0
B63: INPUT 2 | D63: ='Raw Data_Mod Tests'!E31 -> 0 | E63: 1000 | F63: ='Raw Data_Mod Tests'!F31 -> 0 | H63: 3 | I63: =F63+((D63/E63)*H63) -> 0
A64: MPPT 4 | B64: INPUT 1 | D64: ='Raw Data_Mod Tests'!E32 -> 0 | E64: 1000 | F64: ='Raw Data_Mod Tests'!F32 -> 0 | H64: 3 | I64: =F64+((D64/E64)*H64) -> 0
B65: INPUT 2 | D65: ='Raw Data_Mod Tests'!E33 -> 0 | E65: 1000 | F65: ='Raw Data_Mod Tests'!F33 -> 0 | H65: 3 | I65: =F65+((D65/E65)*H65) -> 0
A66: MPPT 5 | B66: INPUT 1 | D66: ='Raw Data_Mod Tests'!E34 -> 0 | E66: 1000 | F66: ='Raw Data_Mod Tests'!F34 -> 0 | H66: 3 | I66: =F66+((D66/E66)*H66) -> 0
B67: INPUT 2 | D67: ='Raw Data_Mod Tests'!E35 -> 0 | E67: 1000 | F67: ='Raw Data_Mod Tests'!F35 -> 0 | H67: 3 | I67: =F67+((D67/E67)*H67) -> 0
A68: MPPT 6 | B68: INPUT 1 | D68: ='Raw Data_Mod Tests'!E36 -> 0 | E68: 1000 | F68: ='Raw Data_Mod Tests'!F36 -> 0 | H68: 3 | I68: =F68+((D68/E68)*H68) -> 0
B69: INPUT 2 | D69: ='Raw Data_Mod Tests'!E37 -> 0 | E69: 1000 | F69: ='Raw Data_Mod Tests'!F37 -> 0 | H69: 3 | I69: =F69+((D69/E69)*H69) -> 0
A72: INVERTER 4 | D72: G | E72: Gstc | F72: Tm | H72: ∆T | I72: Tc
A73: MPPT 1 | B73: INPUT 1 | D73: ='Raw Data_Mod Tests'!E38 -> 0 | E73: 1000 | F73: ='Raw Data_Mod Tests'!F38 -> 0 | H73: 3 | I73: =F73+((D73/E73)*H73) -> 0
B74: INPUT 2 | D74: ='Raw Data_Mod Tests'!E39 -> 0 | E74: 1000 | F74: ='Raw Data_Mod Tests'!F39 -> 0 | H74: 3 | I74: =F74+((D74/E74)*H74) -> 0
A75: MPPT 2 | B75: INPUT 1 | D75: ='Raw Data_Mod Tests'!E40 -> 0 | E75: 1000 | F75: ='Raw Data_Mod Tests'!F40 -> 0 | H75: 3 | I75: =F75+((D75/E75)*H75) -> 0
B76: INPUT 2 | D76: ='Raw Data_Mod Tests'!E41 -> 0 | E76: 1000 | F76: ='Raw Data_Mod Tests'!F41 -> 0 | H76: 3 | I76: =F76+((D76/E76)*H76) -> 0
A77: MPPT 3 | B77: INPUT 1 | D77: ='Raw Data_Mod Tests'!E42 -> 0 | E77: 1000 | F77: ='Raw Data_Mod Tests'!F42 -> 0 | H77: 3 | I77: =F77+((D77/E77)*H77) -> 0
B78: INPUT 2 | D78: ='Raw Data_Mod Tests'!E43 -> 0 | E78: 1000 | F78: ='Raw Data_Mod Tests'!F43 -> 0 | H78: 3 | I78: =F78+((D78/E78)*H78) -> 0
A79: MPPT 4 | B79: INPUT 1 | D79: ='Raw Data_Mod Tests'!E44 -> 0 | E79: 1000 | F79: ='Raw Data_Mod Tests'!F44 -> 0 | H79: 3 | I79: =F79+((D79/E79)*H79) -> 0
B80: INPUT 2 | D80: ='Raw Data_Mod Tests'!E45 -> 0 | E80: 1000 | F80: ='Raw Data_Mod Tests'!F45 -> 0 | H80: 3 | I80: =F80+((D80/E80)*H80) -> 0
A81: MPPT 5 | B81: INPUT 1 | D81: ='Raw Data_Mod Tests'!E46 -> 0 | E81: 1000 | F81: ='Raw Data_Mod Tests'!F46 -> 0 | H81: 3 | I81: =F81+((D81/E81)*H81) -> 0
B82: INPUT 2 | D82: ='Raw Data_Mod Tests'!E47 -> 0 | E82: 1000 | F82: ='Raw Data_Mod Tests'!F47 -> 0 | H82: 3 | I82: =F82+((D82/E82)*H82) -> 0
A83: MPPT 6 | B83: INPUT 1 | D83: ='Raw Data_Mod Tests'!E48 -> 0 | E83: 1000 | F83: ='Raw Data_Mod Tests'!F48 -> 0 | H83: 3 | I83: =F83+((D83/E83)*H83) -> 0
B84: INPUT 2 | D84: ='Raw Data_Mod Tests'!E49 -> 0 | E84: 1000 | F84: ='Raw Data_Mod Tests'!F49 -> 0 | H84: 3 | I84: =F84+((D84/E84)*H84) -> 0
A87: INVERTER 5 | D87: G | E87: Gstc | F87: Tm | H87: ∆T | I87: Tc
A88: MPPT 1 | B88: INPUT 1 | D88: ='Raw Data_Mod Tests'!E50 -> 0 | E88: 1000 | F88: ='Raw Data_Mod Tests'!F50 -> 0 | H88: 3 | I88: =F88+((D88/E88)*H88) -> 0
B89: INPUT 2 | D89: ='Raw Data_Mod Tests'!E51 -> 0 | E89: 1000 | F89: ='Raw Data_Mod Tests'!F51 -> 0 | H89: 3 | I89: =F89+((D89/E89)*H89) -> 0
A90: MPPT 2 | B90: INPUT 1 | D90: ='Raw Data_Mod Tests'!E52 -> 0 | E90: 1000 | F90: ='Raw Data_Mod Tests'!F52 -> 0 | H90: 3 | I90: =F90+((D90/E90)*H90) -> 0
B91: INPUT 2 | D91: ='Raw Data_Mod Tests'!E53 -> 0 | E91: 1000 | F91: ='Raw Data_Mod Tests'!F53 -> 0 | H91: 3 | I91: =F91+((D91/E91)*H91) -> 0
A92: MPPT 3 | B92: INPUT 1 | D92: ='Raw Data_Mod Tests'!E54 -> 0 | E92: 1000 | F92: ='Raw Data_Mod Tests'!F54 -> 0 | H92: 3 | I92: =F92+((D92/E92)*H92) -> 0
B93: INPUT 2 | D93: ='Raw Data_Mod Tests'!E55 -> 0 | E93: 1000 | F93: ='Raw Data_Mod Tests'!F55 -> 0 | H93: 3 | I93: =F93+((D93/E93)*H93) -> 0
A94: MPPT 4 | B94: INPUT 1 | D94: ='Raw Data_Mod Tests'!E56 -> 0 | E94: 1000 | F94: ='Raw Data_Mod Tests'!F56 -> 0 | H94: 3 | I94: =F94+((D94/E94)*H94) -> 0
B95: INPUT 2 | D95: ='Raw Data_Mod Tests'!E57 -> 0 | E95: 1000 | F95: ='Raw Data_Mod Tests'!F57 -> 0 | H95: 3 | I95: =F95+((D95/E95)*H95) -> 0
A96: MPPT 5 | B96: INPUT 1 | D96: ='Raw Data_Mod Tests'!E58 -> 0 | E96: 1000 | F96: ='Raw Data_Mod Tests'!F58 -> 0 | H96: 3 | I96: =F96+((D96/E96)*H96) -> 0
B97: INPUT 2 | D97: ='Raw Data_Mod Tests'!E59 -> 0 | E97: 1000 | F97: ='Raw Data_Mod Tests'!F59 -> 0 | H97: 3 | I97: =F97+((D97/E97)*H97) -> 0
A98: MPPT 6 | B98: INPUT 1 | D98: ='Raw Data_Mod Tests'!E60 -> 0 | E98: 1000 | F98: ='Raw Data_Mod Tests'!F60 -> 0 | H98: 3 | I98: =F98+((D98/E98)*H98) -> 0
B99: INPUT 2 | D99: ='Raw Data_Mod Tests'!E61 -> 0 | E99: 1000 | F99: ='Raw Data_Mod Tests'!F61 -> 0 | H99: 3 | I99: =F99+((D99/E99)*H99) -> 0
A102: INVERTER 6 | D102: G | E102: Gstc | F102: Tm | H102: ∆T | I102: Tc
A103: MPPT 1 | B103: INPUT 1 | D103: ='Raw Data_Mod Tests'!E62 -> 0 | E103: 1000 | F103: ='Raw Data_Mod Tests'!F62 -> 0 | H103: 3 | I103: =F103+((D103/E103)*H103) -> 0
B104: INPUT 2 | D104: ='Raw Data_Mod Tests'!E63 -> 0 | E104: 1000 | F104: ='Raw Data_Mod Tests'!F63 -> 0 | H104: 3 | I104: =F104+((D104/E104)*H104) -> 0
A105: MPPT 2 | B105: INPUT 1 | D105: ='Raw Data_Mod Tests'!E64 -> 0 | E105: 1000 | F105: ='Raw Data_Mod Tests'!F64 -> 0 | H105: 3 | I105: =F105+((D105/E105)*H105) -> 0
B106: INPUT 2 | D106: ='Raw Data_Mod Tests'!E65 -> 0 | E106: 1000 | F106: ='Raw Data_Mod Tests'!F65 -> 0 | H106: 3 | I106: =F106+((D106/E106)*H106) -> 0
A107: MPPT 3 | B107: INPUT 1 | D107: ='Raw Data_Mod Tests'!E66 -> 0 | E107: 1000 | F107: ='Raw Data_Mod Tests'!F66 -> 0 | H107: 3 | I107: =F107+((D107/E107)*H107) -> 0
B108: INPUT 2 | D108: ='Raw Data_Mod Tests'!E67 -> 0 | E108: 1000 | F108: ='Raw Data_Mod Tests'!F67 -> 0 | H108: 3 | I108: =F108+((D108/E108)*H108) -> 0
A109: MPPT 4 | B109: INPUT 1 | D109: ='Raw Data_Mod Tests'!E68 -> 0 | E109: 1000 | F109: ='Raw Data_Mod Tests'!F68 -> 0 | H109: 3 | I109: =F109+((D109/E109)*H109) -> 0
B110: INPUT 2 | D110: ='Raw Data_Mod Tests'!E69 -> 0 | E110: 1000 | F110: ='Raw Data_Mod Tests'!F69 -> 0 | H110: 3 | I110: =F110+((D110/E110)*H110) -> 0
A111: MPPT 5 | B111: INPUT 1 | D111: ='Raw Data_Mod Tests'!E70 -> 0 | E111: 1000 | F111: ='Raw Data_Mod Tests'!F70 -> 0 | H111: 3 | I111: =F111+((D111/E111)*H111) -> 0
B112: INPUT 2 | D112: ='Raw Data_Mod Tests'!E71 -> 0 | E112: 1000 | F112: ='Raw Data_Mod Tests'!F71 -> 0 | H112: 3 | I112: =F112+((D112/E112)*H112) -> 0
A113: MPPT 6 | B113: INPUT 1 | D113: ='Raw Data_Mod Tests'!E72 -> 0 | E113: 1000 | F113: ='Raw Data_Mod Tests'!F72 -> 0 | H113: 3 | I113: =F113+((D113/E113)*H113) -> 0
B114: INPUT 2 | D114: ='Raw Data_Mod Tests'!E73 -> 0 | E114: 1000 | F114: ='Raw Data_Mod Tests'!F73 -> 0 | H114: 3 | I114: =F114+((D114/E114)*H114) -> 0
A117: INVERTER 7 | D117: G | E117: Gstc | F117: Tm | H117: ∆T | I117: Tc
A118: MPPT 1 | B118: INPUT 1 | D118: ='Raw Data_Mod Tests'!E74 -> 0 | E118: 1000 | F118: ='Raw Data_Mod Tests'!F74 -> 0 | H118: 3 | I118: =F118+((D118/E118)*H118) -> 0
B119: INPUT 2 | D119: ='Raw Data_Mod Tests'!E75 -> 0 | E119: 1000 | F119: ='Raw Data_Mod Tests'!F75 -> 0 | H119: 3 | I119: =F119+((D119/E119)*H119) -> 0
...

Sheet Raw Data_Mod Tests
A1: Inverter | B1: MPPT | C1: String | D1: Tc | E1: G | F1: Tm | G1: Voc Measure | H1: Isc Measure | I1: Voc stc Check | J1: N | K1: Gstc | L1: ΔT | M1: Voc theo | N1: Nmod | O1: Voc stc | P1: δ Voc | Q1: Tc | R1: Isc stc | S1: δIsc | T1: Isc theo | X1: Tc | Y1: Temperature of the cell of the PV module (°C)
A2: 1 | B2: 1 | C2: 1 | K2: =IF(J2>0,1000,0) -> 0 | L2: =IF(K2>0,3,0) -> 0 | N2: =J2 -> 0 | O2: 48.9 | P2: -0.0027 | R2: 11.46 | S2: 0.00048 | X2: Tm | Y2: Temperature measured on the backsheet of the PV module (°C)
C3: 2 | K3: =IF(J3>0,1000,0) -> 0 | L3: =IF(K3>0,3,0) -> 0 | N3: =J3 -> 0 | X3: G | Y3: Irradiance on the plane of the PV modules (W/m2)
B4: 2 | C4: 1 | K4: =IF(J4>0,1000,0) -> 0 | L4: =IF(K4>0,3,0) -> 0 | N4: =J4 -> 0 | X4: Gstc | Y4: Irradiance in STC (1000W/m2)
C5: 2 | K5: =IF(J5>0,1000,0) -> 0 | L5: =IF(K5>0,3,0) -> 0 | N5: =J5 -> 0 | X5: ∆T | Y5: Temperature differences between PV cell and the PV backsheet, considered as 3 °C (as per IEC 61724, table A-1)
B6: 3 | C6: 1 | K6: =IF(J6>0,1000,0) -> 0 | L6: =IF(K6>0,3,0) -> 0 | N6: =J6 -> 0 | X6: Voc theo | Y6: Theoratical open circuit voltage (V)
C7: 2 | K7: =IF(J7>0,1000,0) -> 0 | L7: =IF(K7>0,3,0) -> 0 | N7: =J7 -> 0 | X7: Nmod | Y7: Number of the modules which compose each tested string
B8: 4 | C8: 1 | K8: =IF(J8>0,1000,0) -> 0 | L8: =IF(K8>0,3,0) -> 0 | N8: =J8 -> 0 | X8: Voc stc | Y8: Rated PV module open circuit voltage at standard conditions (STC) (V)
C9: 2 | K9: =IF(J9>0,1000,0) -> 0 | L9: =IF(K9>0,3,0) -> 0 | N9: =J9 -> 0 | X9: δ Voc | Y9: PV module manufacturer's rated temperature coefficient of Voc (% / ° C)
B10: 5 | C10: 1 | K10: =IF(J10>0,1000,0) -> 0 | L10: =IF(K10>0,3,0) -> 0 | N10: =J10 -> 0 | X10: Tc | Y10: Temperature of the cell of the PV module (°C)
C11: 2 | K11: =IF(J11>0,1000,0) -> 0 | L11: =IF(K11>0,3,0) -> 0 | N11: =J11 -> 0 | X11: N | Y11: Number of strings which compose each test
B12: 6 | C12: 1 | K12: =IF(J12>0,1000,0) -> 0 | L12: =IF(K12>0,3,0) -> 0 | N12: =J12 -> 0 | X12: Isc stc | Y12: Rated PV module short circuit curent at standard conditions indicated in the photovoltaic panel data sheet (STC) (A)
C13: 2 | K13: =IF(J13>0,1000,0) -> 0 | L13: =IF(K13>0,3,0) -> 0 | N13: =J13 -> 0 | X13: G | Y13: Irradiance on the plane of the PV modules (W/m2)
A14: 2 | B14: 1 | C14: 1 | K14: =IF(J14>0,1000,0) -> 0 | L14: =IF(K14>0,3,0) -> 0 | N14: =J14 -> 0 | X14: Gstc | Y14: Irradiance in STC conditions (1000 W/m2)
C15: 2 | K15: =IF(J15>0,1000,0) -> 0 | L15: =IF(K15>0,3,0) -> 0 | N15: =J15 -> 0 | X15: δIsc | Y15: PV module manufacturer's rated temperature coefficient of Isc (% / °C)
B16: 2 | C16: 1 | K16: =IF(J16>0,1000,0) -> 0 | L16: =IF(K16>0,3,0) -> 0 | N16: =J16 -> 0 | X16: Tc | Y16: Temperature of the cell of the PV module (°C)
C17: 2 | K17: =IF(J17>0,1000,0) -> 0 | L17: =IF(K17>0,3,0) -> 0 | N17: =J17 -> 0 | X17: Isc theo | Y17: Theoratical short circuit current (A)
B18: 3 | C18: 1 | K18: =IF(J18>0,1000,0) -> 0 | L18: =IF(K18>0,3,0) -> 0 | N18: =J18 -> 0
C19: 2 | K19: =IF(J19>0,1000,0) -> 0 | L19: =IF(K19>0,3,0) -> 0 | N19: =J19 -> 0 | X19: Module at
B20: 4 | C20: 1 | K20: =IF(J20>0,1000,0) -> 0 | L20: =IF(K20>0,3,0) -> 0 | N20: =J20 -> 0
C21: 2 | K21: =IF(J21>0,1000,0) -> 0 | L21: =IF(K21>0,3,0) -> 0 | N21: =J21 -> 0
B22: 5 | C22: 1 | K22: =IF(J22>0,1000,0) -> 0 | L22: =IF(K22>0,3,0) -> 0 | N22: =J22 -> 0
C23: 2 | K23: =IF(J23>0,1000,0) -> 0 | L23: =IF(K23>0,3,0) -> 0 | N23: =J23 -> 0
B24: 6 | C24: 1 | K24: =IF(J24>0,1000,0) -> 0 | L24: =IF(K24>0,3,0) -> 0 | N24: =J24 -> 0
C25: 2 | K25: =IF(J25>0,1000,0) -> 0 | L25: =IF(K25>0,3,0) -> 0 | N25: =J25 -> 0
A26: 3 | B26: 1 | C26: 1 | K26: =IF(J26>0,1000,0) -> 0 | L26: =IF(K26>0,3,0) -> 0 | N26: =J26 -> 0
C27: 2 | K27: =IF(J27>0,1000,0) -> 0 | L27: =IF(K27>0,3,0) -> 0 | N27: =J27 -> 0
B28: 2 | C28: 1 | K28: =IF(J28>0,1000,0) -> 0 | L28: =IF(K28>0,3,0) -> 0 | N28: =J28 -> 0
C29: 2 | K29: =IF(J29>0,1000,0) -> 0 | L29: =IF(K29>0,3,0) -> 0 | N29: =J29 -> 0
B30: 3 | C30: 1 | K30: =IF(J30>0,1000,0) -> 0 | L30: =IF(K30>0,3,0) -> 0 | N30: =J30 -> 0
C31: 2 | K31: =IF(J31>0,1000,0) -> 0 | L31: =IF(K31>0,3,0) -> 0 | N31: =J31 -> 0
B32: 4 | C32: 1 | K32: =IF(J32>0,1000,0) -> 0 | L32: =IF(K32>0,3,0) -> 0 | N32: =J32 -> 0
C33: 2 | K33: =IF(J33>0,1000,0) -> 0 | L33: =IF(K33>0,3,0) -> 0 | N33: =J33 -> 0
B34: 5 | C34: 1 | K34: =IF(J34>0,1000,0) -> 0 | L34: =IF(K34>0,3,0) -> 0 | N34: =J34 -> 0
C35: 2 | K35: =IF(J35>0,1000,0) -> 0 | L35: =IF(K35>0,3,0) -> 0 | N35: =J35 -> 0
B36: 6 | C36: 1 | K36: =IF(J36>0,1000,0) -> 0 | L36: =IF(K36>0,3,0) -> 0 | N36: =J36 -> 0
C37: 2 | K37: =IF(J37>0,1000,0) -> 0 | L37: =IF(K37>0,3,0) -> 0 | N37: =J37 -> 0
A38: 4 | B38: 1 | C38: 1 | K38: =IF(J38>0,1000,0) -> 0 | L38: =IF(K38>0,3,0) -> 0 | N38: =J38 -> 0
C39: 2 | K39: =IF(J39>0,1000,0) -> 0 | L39: =IF(K39>0,3,0) -> 0 | N39: =J39 -> 0
B40: 2 | C40: 1 | K40: =IF(J40>0,1000,0) -> 0 | L40: =IF(K40>0,3,0) -> 0 | N40: =J40 -> 0
C41: 2 | K41: =IF(J41>0,1000,0) -> 0 | L41: =IF(K41>0,3,0) -> 0 | N41: =J41 -> 0
B42: 3 | C42: 1 | K42: =IF(J42>0,1000,0) -> 0 | L42: =IF(K42>0,3,0) -> 0 | N42: =J42 -> 0
C43: 2 | K43: =IF(J43>0,1000,0) -> 0 | L43: =IF(K43>0,3,0) -> 0 | N43: =J43 -> 0
B44: 4 | C44: 1 | K44: =IF(J44>0,1000,0) -> 0 | L44: =IF(K44>0,3,0) -> 0 | N44: =J44 -> 0
C45: 2 | K45: =IF(J45>0,1000,0) -> 0 | L45: =IF(K45>0,3,0) -> 0 | N45: =J45 -> 0
B46: 5 | C46: 1 | K46: =IF(J46>0,1000,0) -> 0 | L46: =IF(K46>0,3,0) -> 0 | N46: =J46 -> 0
C47: 2 | K47: =IF(J47>0,1000,0) -> 0 | L47: =IF(K47>0,3,0) -> 0 | N47: =J47 -> 0
B48: 6 | C48: 1 | K48: =IF(J48>0,1000,0) -> 0 | L48: =IF(K48>0,3,0) -> 0 | N48: =J48 -> 0
C49: 2 | K49: =IF(J49>0,1000,0) -> 0 | L49: =IF(K49>0,3,0) -> 0 | N49: =J49 -> 0
A50: 5 | B50: 1 | C50: 1 | K50: =IF(J50>0,1000,0) -> 0 | L50: =IF(K50>0,3,0) -> 0 | N50: =J50 -> 0
C51: 2 | K51: =IF(J51>0,1000,0) -> 0 | L51: =IF(K51>0,3,0) -> 0 | N51: =J51 -> 0
B52: 2 | C52: 1 | K52: =IF(J52>0,1000,0) -> 0 | L52: =IF(K52>0,3,0) -> 0 | N52: =J52 -> 0
C53: 2 | K53: =IF(J53>0,1000,0) -> 0 | L53: =IF(K53>0,3,0) -> 0 | N53: =J53 -> 0
B54: 3 | C54: 1 | K54: =IF(J54>0,1000,0) -> 0 | L54: =IF(K54>0,3,0) -> 0 | N54: =J54 -> 0
C55: 2 | K55: =IF(J55>0,1000,0) -> 0 | L55: =IF(K55>0,3,0) -> 0 | N55: =J55 -> 0
B56: 4 | C56: 1 | K56: =IF(J56>0,1000,0) -> 0 | L56: =IF(K56>0,3,0) -> 0 | N56: =J56 -> 0
C57: 2 | K57: =IF(J57>0,1000,0) -> 0 | L57: =IF(K57>0,3,0) -> 0 | N57: =J57 -> 0
B58: 5 | C58: 1 | K58: =IF(J58>0,1000,0) -> 0 | L58: =IF(K58>0,3,0) -> 0 | N58: =J58 -> 0
C59: 2 | K59: =IF(J59>0,1000,0) -> 0 | L59: =IF(K59>0,3,0) -> 0 | N59: =J59 -> 0
B60: 6 | C60: 1 | K60: =IF(J60>0,1000,0) -> 0 | L60: =IF(K60>0,3,0) -> 0 | N60: =J60 -> 0
C61: 2 | K61: =IF(J61>0,1000,0) -> 0 | L61: =IF(K61>0,3,0) -> 0 | N61: =J61 -> 0
A62: 6 | B62: 1 | C62: 1 | K62: =IF(J62>0,1000,0) -> 0 | L62: =IF(K62>0,3,0) -> 0 | N62: =J62 -> 0
C63: 2 | K63: =IF(J63>0,1000,0) -> 0 | L63: =IF(K63>0,3,0) -> 0 | N63: =J63 -> 0
B64: 2 | C64: 1 | K64: =IF(J64>0,1000,0) -> 0 | L64: =IF(K64>0,3,0) -> 0 | N64: =J64 -> 0
C65: 2 | K65: =IF(J65>0,1000,0) -> 0 | L65: =IF(K65>0,3,0) -> 0 | N65: =J65 -> 0
B66: 3 | C66: 1 | K66: =IF(J66>0,1000,0) -> 0 | L66: =IF(K66>0,3,0) -> 0 | N66: =J66 -> 0
C67: 2 | K67: =IF(J67>0,1000,0) -> 0 | L67: =IF(K67>0,3,0) -> 0 | N67: =J67 -> 0
B68: 4 | C68: 1 | K68: =IF(J68>0,1000,0) -> 0 | L68: =IF(K68>0,3,0) -> 0 | N68: =J68 -> 0
C69: 2 | K69: =IF(J69>0,1000,0) -> 0 | L69: =IF(K69>0,3,0) -> 0 | N69: =J69 -> 0
B70: 5 | C70: 1 | K70: =IF(J70>0,1000,0) -> 0 | L70: =IF(K70>0,3,0) -> 0 | N70: =J70 -> 0
C71: 2 | K71: =IF(J71>0,1000,0) -> 0 | L71: =IF(K71>0,3,0) -> 0 | N71: =J71 -> 0
B72: 6 | C72: 1 | K72: =IF(J72>0,1000,0) -> 0 | L72: =IF(K72>0,3,0) -> 0 | N72: =J72 -> 0
C73: 2 | K73: =IF(J73>0,1000,0) -> 0 | L73: =IF(K73>0,3,0) -> 0 | N73: =J73 -> 0
A74: 7 | B74: 1 | C74: 1 | K74: =IF(J74>0,1000,0) -> 0 | L74: =IF(K74>0,3,0) -> 0 | N74: =J74 -> 0
C75: 2 | K75: =IF(J75>0,1000,0) -> 0 | L75: =IF(K75>0,3,0) -> 0 | N75: =J75 -> 0
B76: 2 | C76: 1 | K76: =IF(J76>0,1000,0) -> 0 | L76: =IF(K76>0,3,0) -> 0 | N76: =J76 -> 0
C77: 2 | K77: =IF(J77>0,1000,0) -> 0 | L77: =IF(K77>0,3,0) -> 0 | N77: =J77 -> 0
B78: 3 | C78: 1 | K78: =IF(J78>0,1000,0) -> 0 | L78: =IF(K78>0,3,0) -> 0 | N78: =J78 -> 0
C79: 2 | K79: =IF(J79>0,1000,0) -> 0 | L79: =IF(K79>0,3,0) -> 0 | N79: =J79 -> 0
B80: 4 | C80: 1 | K80: =IF(J80>0,1000,0) -> 0 | L80: =IF(K80>0,3,0) -> 0 | N80: =J80 -> 0
C81: 2 | K81: =IF(J81>0,1000,0) -> 0 | L81: =IF(K81>0,3,0) -> 0 | N81: =J81 -> 0
B82: 5 | C82: 1 | K82: =IF(J82>0,1000,0) -> 0 | L82: =IF(K82>0,3,0) -> 0 | N82: =J82 -> 0
C83: 2 | K83: =IF(J83>0,1000,0) -> 0 | L83: =IF(K83>0,3,0) -> 0 | N83: =J83 -> 0
B84: 6 | C84: 1 | K84: =IF(J84>0,1000,0) -> 0 | L84: =IF(K84>0,3,0) -> 0 | N84: =J84 -> 0
C85: 2 | K85: =IF(J85>0,1000,0) -> 0 | L85: =IF(K85>0,3,0) -> 0 | N85: =J85 -> 0
A86: 8 | B86: 1 | C86: 1 | K86: =IF(J86>0,1000,0) -> 0 | L86: =IF(K86>0,3,0) -> 0 | N86: =J86 -> 0
C87: 2 | K87: =IF(J87>0,1000,0) -> 0 | L87: =IF(K87>0,3,0) -> 0 | N87: =J87 -> 0
B88: 2 | C88: 1 | K88: =IF(J88>0,1000,0) -> 0 | L88: =IF(K88>0,3,0) -> 0 | N88: =J88 -> 0
C89: 2 | K89: =IF(J89>0,1000,0) -> 0 | L89: =IF(K89>0,3,0) -> 0 | N89: =J89 -> 0
B90: 3 | C90: 1 | K90: =IF(J90>0,1000,0) -> 0 | L90: =IF(K90>0,3,0) -> 0 | N90: =J90 -> 0
C91: 2 | K91: =IF(J91>0,1000,0) -> 0 | L91: =IF(K91>0,3,0) -> 0 | N91: =J91 -> 0
B92: 4 | C92: 1 | K92: =IF(J92>0,1000,0) -> 0 | L92: =IF(K92>0,3,0) -> 0 | N92: =J92 -> 0
C93: 2 | K93: =IF(J93>0,1000,0) -> 0 | L93: =IF(K93>0,3,0) -> 0 | N93: =J93 -> 0
B94: 5 | C94: 1 | K94: =IF(J94>0,1000,0) -> 0 | L94: =IF(K94>0,3,0) -> 0 | N94: =J94 -> 0
C95: 2 | K95: =IF(J95>0,1000,0) -> 0 | L95: =IF(K95>0,3,0) -> 0 | N95: =J95 -> 0
B96: 6 | C96: 1 | K96: =IF(J96>0,1000,0) -> 0 | L96: =IF(K96>0,3,0) -> 0 | N96: =J96 -> 0
C97: 2 | K97: =IF(J97>0,1000,0) -> 0 | L97: =IF(K97>0,3,0) -> 0 | N97: =J97 -> 0
A98: 9 | B98: 1 | C98: 1 | K98: =IF(J98>0,1000,0) -> 0 | L98: =IF(K98>0,3,0) -> 0 | N98: =J98 -> 0
C99: 2 | K99: =IF(J99>0,1000,0) -> 0 | L99: =IF(K99>0,3,0) -> 0 | N99: =J99 -> 0
B100: 2 | C100: 1 | K100: =IF(J100>0,1000,0) -> 0 | L100: =IF(K100>0,3,0) -> 0 | N100: =J100 -> 0
...
